time,tavg,tmin,tmax,prcp,snow,wdir,wspd,wpgt,pres,tsun
2021-01-01,3.7,2.7,5.0,,,302.0,5.3,,1009.3,
2021-01-02,4.6,2.7,7.2,6.0,,263.0,5.7,,1005.9,
2021-01-03,4.1,2.1,6.5,0.4,,221.0,5.3,,1008.3,
2021-01-04,5.2,3.0,7.0,1.6,,263.0,5.2,,1010.3,
2021-01-05,4.1,1.0,6.2,3.8,,105.0,6.6,,1008.0,
2021-01-06,3.5,2.0,6.1,0.2,,275.0,5.3,,1010.0,
2021-01-07,4.5,3.0,6.3,0.1,,245.0,4.6,,1014.3,
2021-01-08,3.7,0.0,7.0,0.1,,270.0,8.9,,1014.0,
2021-01-09,1.7,-1.1,4.0,0.2,,265.0,8.2,,1017.7,
2021-01-10,1.6,0.0,3.0,1.2,,269.0,11.4,,1017.5,
2021-01-11,0.5,-3.1,4.0,0.0,,267.0,8.1,,1019.1,
2021-01-12,1.8,-2.0,6.0,0.0,,251.0,7.8,,1016.2,
2021-01-13,1.9,-2.0,7.0,0.0,,226.0,7.7,,1013.5,
2021-01-14,1.1,-3.2,7.0,0.0,,21.0,5.2,,1011.0,
2021-01-15,2.6,0.4,5.0,0.5,,291.0,5.8,,1016.3,
2021-01-16,1.9,-2.0,6.0,0.0,,251.0,5.9,,1020.9,
2021-01-17,1.4,0.0,4.0,0.0,,230.0,3.8,,1016.4,
2021-01-18,0.8,-3.0,5.0,0.0,,229.0,5.2,,1023.6,
2021-01-19,-2.7,-6.0,-0.8,0.0,,287.0,4.1,,1024.7,
2021-01-20,-0.7,-5.0,4.0,0.0,,299.0,3.6,,1021.5,
2021-01-21,2.3,1.0,4.0,0.1,,264.0,5.2,,1015.5,
2021-01-22,3.9,1.6,11.0,9.2,,288.0,7.4,,1002.5,
2021-01-23,7.8,4.0,11.0,9.9,,190.0,11.0,,994.5,
2021-01-24,3.2,0.6,7.0,0.6,,245.0,9.0,,998.1,
2021-01-25,2.6,-1.0,6.5,0.0,,244.0,11.1,,1001.8,
2021-01-26,4.5,-1.0,10.0,0.0,,250.0,13.7,,1014.6,
2021-01-27,2.5,-2.1,6.0,0.0,,232.0,7.2,,1016.9,
2021-01-28,2.9,0.0,7.3,0.0,,211.0,6.2,,1013.4,
2021-01-29,2.0,-1.0,7.3,0.6,,278.0,3.9,,1005.9,
2021-01-30,6.0,0.0,12.0,1.0,,120.0,8.4,,1000.7,
2021-01-31,6.2,5.0,7.0,13.8,,275.0,11.9,,996.9,
2021-02-01,5.0,2.0,7.0,2.1,,334.0,3.9,,1000.6,
2021-02-02,4.6,0.0,10.0,0.1,,279.0,5.9,,1011.4,
2021-02-03,5.6,3.0,8.0,0.0,,345.0,4.4,,1014.6,
2021-02-04,7.7,4.0,11.0,0.0,,307.0,7.5,,1017.1,
2021-02-05,8.6,6.9,10.2,0.0,,328.0,3.6,,1018.2,
2021-02-06,8.7,8.0,10.0,0.8,,357.0,3.9,,1013.7,
2021-02-07,9.2,8.0,11.0,6.2,,102.0,11.6,,998.8,
2021-02-08,9.3,4.0,13.7,0.1,,123.0,7.7,,994.3,
2021-02-09,9.2,7.0,12.0,1.2,,273.0,6.8,,999.6,
2021-02-10,9.7,8.0,12.0,6.7,,215.0,11.2,,999.1,
2021-02-11,8.3,4.0,13.0,0.6,,120.0,13.9,,1011.3,
2021-02-12,4.3,0.0,7.0,1.4,,79.0,18.2,,1023.1,
2021-02-13,-0.1,-3.9,2.0,1.7,,43.0,15.7,,1029.4,
2021-02-14,-0.4,-5.1,6.0,0.0,,257.0,10.2,,1037.6,
2021-02-15,1.8,-2.6,8.0,0.0,,217.0,9.7,,1037.2,
2021-02-16,5.1,-1.0,11.0,0.0,,191.0,7.7,,1027.1,
2021-02-17,6.2,-0.1,13.0,0.0,,281.0,7.4,,1022.1,
2021-02-18,8.4,4.1,12.4,0.0,,54.0,4.6,,1023.5,
2021-02-19,9.6,5.0,15.0,0.0,,282.0,4.9,,1023.9,
2021-02-20,8.8,2.0,15.0,0.0,,249.0,4.6,,1025.4,
2021-02-21,8.8,4.0,14.0,0.0,,47.0,5.6,,1026.9,
2021-02-22,7.9,2.0,14.0,0.0,,32.0,4.8,,1031.4,
2021-02-23,10.0,5.9,16.4,0.0,,219.0,7.9,,1035.9,
2021-02-24,12.0,6.4,20.0,0.0,,234.0,9.8,,1035.0,
2021-02-25,12.8,7.0,20.1,0.0,,231.0,10.5,,1031.6,
2021-02-26,12.3,6.2,20.2,0.0,,205.0,8.8,,1027.3,
2021-02-27,10.8,5.2,17.0,0.0,,140.0,12.2,,1025.2,
2021-02-28,6.7,0.0,13.0,0.0,,319.0,5.6,,1031.9,
2021-03-01,7.5,1.6,15.0,0.0,,233.0,8.4,,1031.0,
2021-03-02,8.5,2.0,16.0,0.0,,239.0,8.2,,1033.3,
2021-03-03,10.1,3.6,17.0,0.0,,196.0,9.0,,1031.0,
2021-03-04,9.5,3.0,16.0,0.0,,244.0,7.3,,1022.3,
2021-03-05,11.1,6.9,16.0,1.6,,36.0,7.2,,1016.8,
2021-03-06,7.3,2.0,11.0,5.1,,91.0,13.7,,1027.1,
2021-03-07,5.5,0.1,11.2,0.0,,133.0,8.5,,1024.3,
2021-03-08,6.5,1.0,12.3,0.0,,119.0,10.8,,1017.2,
2021-03-09,8.2,5.4,12.0,0.0,,35.0,5.1,,1014.9,
2021-03-10,7.5,3.0,13.7,0.0,,196.0,5.1,,1017.9,
2021-03-11,9.5,3.0,15.0,0.0,,35.0,7.8,,1018.2,
2021-03-12,10.9,5.0,15.8,2.8,,17.0,7.3,,1012.5,
2021-03-13,11.6,5.0,19.4,0.0,,195.0,10.1,,1012.1,
2021-03-14,10.5,3.0,15.0,2.1,,191.0,14.9,,1007.5,
2021-03-15,7.7,0.9,16.0,0.0,,232.0,8.7,,1010.3,
2021-03-16,10.3,4.0,16.0,0.0,,294.0,10.8,,1014.1,
2021-03-17,8.1,1.9,14.4,0.0,,186.0,8.5,,1016.0,
2021-03-18,7.0,2.0,11.0,1.3,,106.0,13.2,,1016.9,
2021-03-19,4.8,-1.0,10.4,0.0,,122.0,10.1,,1015.7,
2021-03-20,4.3,-1.3,10.6,2.1,,231.0,10.1,,1017.9,
2021-03-21,4.6,-0.4,10.0,0.0,,355.0,9.3,,1015.1,
2021-03-22,7.1,-2.0,14.0,0.0,,196.0,7.2,,1012.9,
2021-03-23,9.0,3.3,14.0,0.0,,135.0,12.3,,1021.6,
2021-03-24,9.8,3.0,17.1,0.0,,200.0,6.8,,1022.2,
2021-03-25,11.5,4.1,19.0,0.0,,147.0,8.7,,1021.2,
2021-03-26,12.2,5.0,19.0,0.0,,237.0,9.9,,1023.1,
2021-03-27,12.3,6.5,17.2,0.0,,349.0,6.0,,1024.3,
2021-03-28,13.7,7.0,20.0,0.0,,253.0,7.1,,1029.8,
2021-03-29,14.5,8.0,21.1,0.0,,144.0,8.2,,1032.4,
2021-03-30,15.8,10.0,23.0,0.0,,141.0,8.4,,1030.4,
2021-03-31,16.6,10.0,25.0,0.0,,153.0,8.6,,1025.1,
2021-04-01,18.7,11.8,26.0,0.0,,238.0,10.6,,1018.2,
2021-04-02,19.1,11.5,25.1,0.0,,207.0,12.4,,1012.7,
2021-04-03,13.5,8.7,18.0,2.9,,124.0,16.1,,1011.6,
2021-04-04,9.1,3.0,14.0,0.0,,100.0,12.7,,1018.1,
2021-04-05,10.2,0.0,17.0,0.0,,126.0,7.5,,1013.0,
2021-04-06,7.0,1.8,11.0,3.9,,126.0,13.2,,1005.3,
2021-04-07,5.0,-0.3,11.4,0.0,,249.0,10.7,,1015.0,
2021-04-08,9.0,2.0,16.0,0.0,,211.0,11.2,,1023.8,
2021-04-09,11.1,3.0,17.0,0.0,,127.0,9.7,,1025.5,
2021-04-10,11.5,7.0,15.0,0.2,,182.0,7.7,,1021.9,
2021-04-11,11.3,10.0,14.2,9.8,,83.0,12.9,,1017.6,
2021-04-12,12.1,10.0,17.0,24.8,,43.0,9.5,,1015.1,
2021-04-13,8.0,6.3,11.0,6.5,,22.0,11.2,,1019.4,
2021-04-14,8.1,2.8,13.0,0.6,,116.0,10.4,,1022.5,
2021-04-15,6.8,2.0,11.5,1.8,,86.0,9.7,,1021.3,
2021-04-16,8.1,2.0,14.0,0.1,,125.0,9.5,,1019.5,
2021-04-17,7.8,2.0,14.1,0.0,,162.0,9.9,,1016.2,
2021-04-18,9.1,4.5,14.2,1.2,,146.0,7.9,,1015.8,
2021-04-19,10.3,6.0,16.0,0.0,,222.0,7.8,,1015.9,
2021-04-20,12.8,7.0,19.0,0.1,,209.0,11.0,,1014.8,
2021-04-21,12.8,6.4,19.0,0.1,,220.0,10.6,,1017.1,
2021-04-22,12.5,9.0,17.0,0.2,,306.0,5.5,,1018.7,
2021-04-23,13.1,6.0,19.2,0.4,,131.0,8.9,,1021.8,
2021-04-24,14.7,8.0,21.2,0.0,,131.0,10.7,,1021.5,
2021-04-25,16.0,9.0,23.3,0.0,,117.0,7.9,,1016.2,
2021-04-26,13.5,9.0,17.0,1.1,,64.0,7.3,,1013.0,
2021-04-27,12.2,10.6,14.2,10.2,,59.0,8.8,,1009.1,
2021-04-28,13.7,11.0,17.0,0.3,,68.0,5.5,,1008.6,
2021-04-29,14.9,9.7,18.7,0.4,,167.0,4.6,,1009.0,
2021-04-30,16.3,8.3,23.0,0.0,,62.0,6.5,,1010.1,
2021-05-01,16.1,11.0,21.0,9.4,,146.0,11.0,,1007.3,
2021-05-02,17.1,10.3,22.6,0.4,,214.0,13.4,,1008.7,
2021-05-03,14.4,9.8,19.1,0.0,,93.0,10.4,,1019.1,
2021-05-04,15.5,8.0,23.0,0.0,,202.0,10.4,,1015.4,
2021-05-05,16.9,8.0,22.6,0.0,,227.0,12.5,,1008.0,
2021-05-06,17.5,14.1,23.9,0.0,,68.0,10.3,,1010.1,
2021-05-07,18.3,10.0,26.0,0.2,,220.0,11.5,,1008.2,
2021-05-08,16.4,13.6,20.4,0.8,,89.0,12.4,,1018.6,
2021-05-09,16.6,9.6,23.0,0.0,,78.0,9.5,,1018.7,
2021-05-10,18.1,9.9,27.0,0.0,,85.0,11.6,,1015.1,
2021-05-11,16.1,14.1,18.0,11.1,,93.0,9.8,,1011.1,
2021-05-12,16.0,11.0,22.0,2.0,,231.0,9.5,,1007.5,
2021-05-13,16.1,10.8,21.3,2.1,,221.0,10.2,,1005.1,
2021-05-14,15.0,8.1,21.0,3.7,,231.0,8.0,,1008.1,
2021-05-15,15.5,10.0,20.5,0.0,,238.0,7.7,,1010.1,
2021-05-16,16.9,11.5,22.0,0.5,,207.0,7.3,,1006.9,
2021-05-17,18.7,13.7,24.0,0.2,,251.0,11.6,,1005.9,
2021-05-18,18.7,12.0,24.3,0.1,,194.0,15.0,,1011.3,
2021-05-19,16.3,12.0,21.1,3.0,,112.0,13.5,,1012.8,
2021-05-20,16.4,9.0,23.1,0.0,,245.0,8.2,,1017.4,
2021-05-21,18.8,11.0,25.0,0.0,,188.0,14.0,,1016.4,
2021-05-22,19.8,17.0,24.0,0.6,,190.0,14.0,,1011.9,
2021-05-23,20.1,12.8,26.0,0.3,,298.0,7.4,,1013.4,
2021-05-24,15.6,13.9,20.0,17.1,,308.0,7.3,,1015.9,
2021-05-25,17.4,11.4,23.0,2.2,,235.0,8.4,,1016.6,
2021-05-26,17.1,9.0,24.0,0.0,,80.0,9.5,,1017.5,
2021-05-27,19.9,14.0,26.0,0.1,,241.0,9.9,,1014.3,
2021-05-28,19.2,13.0,25.0,0.0,,89.0,12.5,,1017.9,
2021-05-29,20.0,13.0,25.1,0.2,,94.0,10.4,,1016.7,
2021-05-30,18.5,13.0,23.3,0.4,,85.0,11.8,,1019.0,
2021-05-31,18.1,12.7,23.6,0.0,,109.0,10.6,,1018.8,
2021-06-01,18.9,12.0,25.3,0.0,,93.0,9.2,,1016.8,
2021-06-02,20.2,13.0,27.0,0.0,,65.0,7.5,,1018.4,
2021-06-03,22.5,16.0,28.3,0.0,,238.0,9.8,,1021.9,
2021-06-04,24.2,17.0,30.0,0.0,,235.0,10.2,,1021.8,
2021-06-05,24.6,19.2,30.0,0.7,,217.0,8.3,,1019.0,
2021-06-06,21.5,17.9,27.2,9.7,,300.0,8.3,,1016.8,
2021-06-07,20.3,17.0,27.0,25.8,,296.0,7.5,,1017.0,
2021-06-08,20.2,17.8,26.0,11.6,,249.0,9.5,,1017.3,
2021-06-09,22.5,16.0,29.0,0.1,,272.0,10.8,,1016.9,
2021-06-10,22.2,17.0,28.0,0.8,,168.0,8.7,,1017.0,
2021-06-11,22.0,17.0,27.0,0.6,,160.0,9.8,,1016.6,
2021-06-12,24.2,16.0,31.0,0.0,,243.0,8.4,,1017.4,
2021-06-13,26.5,21.0,33.0,0.0,,266.0,11.9,,1016.0,
2021-06-14,24.4,18.8,30.0,0.0,,75.0,13.1,,1016.9,
2021-06-15,23.6,17.0,29.5,0.0,,85.0,12.3,,1017.7,
2021-06-16,24.3,18.7,31.0,0.0,,100.0,9.7,,1015.8,
2021-06-17,26.3,20.0,33.0,0.6,,69.0,8.6,,1015.8,
2021-06-18,27.0,22.0,32.0,1.6,,308.0,7.5,,1016.2,
2021-06-19,27.5,22.0,33.0,0.0,,224.0,8.5,,1015.2,
2021-06-20,28.1,22.0,34.0,0.0,,173.0,10.2,,1011.3,
2021-06-21,28.6,23.0,33.7,0.0,,201.0,10.9,,1008.3,
2021-06-22,27.7,20.0,34.0,0.0,,163.0,7.9,,1010.1,
2021-06-23,26.6,20.0,33.0,0.5,,274.0,8.8,,1013.7,
2021-06-24,27.1,20.9,33.0,0.0,,247.0,10.7,,1014.9,
2021-06-25,25.1,17.0,31.0,0.0,,231.0,7.2,,1014.3,
2021-06-26,25.6,18.4,32.1,0.0,,199.0,10.6,,1014.8,
2021-06-27,27.0,19.7,33.4,0.0,,128.0,11.8,,1014.3,
2021-06-28,27.4,20.7,34.0,0.0,,122.0,13.5,,1013.8,
2021-06-29,28.4,20.3,35.0,0.0,,207.0,10.7,,1010.4,
2021-06-30,26.2,20.0,31.0,0.0,,200.0,14.2,,1009.2,
2021-07-01,25.5,17.0,32.0,0.0,,220.0,11.5,,1010.8,
2021-07-02,25.6,19.0,32.0,0.0,,74.0,8.4,,1012.9,
2021-07-03,26.9,20.0,33.0,0.0,,91.0,9.9,,1013.0,
2021-07-04,23.2,20.1,27.0,1.1,,296.0,6.5,,1010.6,
2021-07-05,25.1,18.0,32.0,0.2,,286.0,10.3,,1010.8,
2021-07-06,26.6,20.0,34.0,0.0,,87.0,10.4,,1012.1,
2021-07-07,28.7,20.0,37.0,0.0,,69.0,9.4,,1012.3,
2021-07-08,27.4,21.7,35.0,3.3,,237.0,11.0,,1014.4,
2021-07-09,24.9,17.0,32.0,0.1,,272.0,8.9,,1016.3,
2021-07-10,26.3,20.0,32.0,0.0,,173.0,10.0,,1014.7,
2021-07-11,27.0,21.6,32.6,0.0,,239.0,9.9,,1011.9,
2021-07-12,27.9,22.0,34.6,0.0,,186.0,11.9,,1011.3,
2021-07-13,27.0,23.6,32.0,2.8,,142.0,15.4,,1006.8,
2021-07-14,23.2,17.8,28.0,0.0,,237.0,11.8,,1010.8,
2021-07-15,23.5,18.0,27.0,0.1,,116.0,9.9,,1012.7,
2021-07-16,21.9,19.0,26.2,12.9,,257.0,7.0,,1013.2,
2021-07-17,23.4,19.0,28.0,0.7,,277.0,12.9,,1011.9,
2021-07-18,25.4,20.0,33.0,0.0,,241.0,8.4,,1010.2,
2021-07-19,26.6,21.0,32.4,0.0,,346.0,8.6,,1011.6,
2021-07-20,28.7,23.0,35.0,0.0,,170.0,11.5,,1012.8,
2021-07-21,27.8,22.0,34.0,0.0,,125.0,10.0,,1016.0,
2021-07-22,27.0,21.0,33.0,0.0,,82.0,11.9,,1016.5,
2021-07-23,26.8,20.0,33.0,0.0,,85.0,9.8,,1014.2,
2021-07-24,28.5,22.0,35.0,0.1,,95.0,7.9,,1011.3,
2021-07-25,28.9,22.0,34.4,0.0,,196.0,11.1,,1008.7,
2021-07-26,26.0,23.0,30.5,0.4,,263.0,9.6,,1011.5,
2021-07-27,26.1,21.0,35.0,2.2,,81.0,11.7,,1014.5,
2021-07-28,26.1,19.0,34.9,0.0,,333.0,8.6,,1013.2,
2021-07-29,27.4,21.0,33.0,0.0,,309.0,8.6,,1012.8,
2021-07-30,28.2,22.5,34.0,0.3,,292.0,8.3,,1010.7,
2021-07-31,28.9,22.0,35.2,0.0,,306.0,9.1,,1007.5,
2021-08-01,26.9,21.0,31.6,0.0,,243.0,12.9,,1005.3,
2021-08-02,23.7,19.0,30.0,0.2,,255.0,7.5,,1011.6,
2021-08-03,23.9,16.5,30.0,0.0,,183.0,6.6,,1013.8,
2021-08-04,25.0,20.7,28.6,0.0,,267.0,7.4,,1011.0,
2021-08-05,24.6,20.0,31.0,0.0,,241.0,13.6,,1006.4,
2021-08-06,26.3,18.6,32.5,0.0,,209.0,11.3,,1006.7,
2021-08-07,27.5,19.0,34.2,0.0,,202.0,12.9,,1007.8,
2021-08-08,29.0,23.0,35.0,0.0,,224.0,13.0,,1009.8,
2021-08-09,26.6,18.0,34.0,0.0,,75.0,8.8,,1015.9,
2021-08-10,26.7,20.5,34.0,0.0,,119.0,6.7,,1016.8,
2021-08-11,28.6,22.1,35.5,0.0,,290.0,6.6,,1016.2,
2021-08-12,29.0,21.0,36.1,0.0,,105.0,10.1,,1018.0,
2021-08-13,29.2,24.0,36.0,0.0,,135.0,7.3,,1019.9,
2021-08-14,30.3,23.0,37.3,0.0,,132.0,11.6,,1018.7,
2021-08-15,30.8,24.7,38.0,0.0,,237.0,7.6,,1013.7,
2021-08-16,29.8,23.0,36.4,0.0,,272.0,10.3,,1008.6,
2021-08-17,26.3,21.0,31.0,0.4,,330.0,12.2,,1011.2,
2021-08-18,23.9,18.0,29.4,0.0,,51.0,8.0,,1013.8,
2021-08-19,24.2,18.0,31.0,0.0,,100.0,9.4,,1014.0,
2021-08-20,25.8,19.0,32.0,0.0,,88.0,9.5,,1014.7,
2021-08-21,26.8,20.0,33.5,0.0,,111.0,8.7,,1017.1,
2021-08-22,28.0,22.0,34.1,0.0,,236.0,8.9,,1015.3,
2021-08-23,22.9,19.0,27.0,6.7,,146.0,7.0,,1014.3,
2021-08-24,22.5,17.0,29.1,0.0,,321.0,7.4,,1015.3,
2021-08-25,22.5,17.0,28.3,0.6,,137.0,8.8,,1014.6,
2021-08-26,23.5,17.0,30.3,0.0,,172.0,7.0,,1009.4,
2021-08-27,20.5,18.0,23.0,9.8,,94.0,15.0,,1009.8,
2021-08-28,19.5,15.5,25.0,3.9,,41.0,6.9,,1012.0,
2021-08-29,20.4,14.0,26.3,0.0,,124.0,8.0,,1012.4,
2021-08-30,21.2,13.0,28.0,1.4,,249.0,8.4,,1012.3,
2021-08-31,20.6,14.0,25.9,2.0,,178.0,7.5,,1016.0,
2021-09-01,22.1,16.0,28.2,0.6,,156.0,8.9,,1020.1,
2021-09-02,21.9,15.0,29.0,0.0,,111.0,10.8,,1022.3,
2021-09-03,21.3,15.0,28.0,0.0,,113.0,8.1,,1019.4,
2021-09-04,21.8,16.0,26.0,0.6,,154.0,7.2,,1015.7,
2021-09-05,22.2,16.0,29.0,0.0,,189.0,10.2,,1017.8,
2021-09-06,22.0,15.0,29.0,0.0,,170.0,8.2,,1021.5,
2021-09-07,22.3,15.0,29.2,0.0,,103.0,9.6,,1021.6,
2021-09-08,21.9,15.0,28.6,0.0,,115.0,8.0,,1019.4,
2021-09-09,22.0,15.0,29.1,0.0,,122.0,8.6,,1017.0,
2021-09-10,22.9,17.0,30.0,0.0,,122.0,10.9,,1016.2,
2021-09-11,22.5,16.0,29.0,0.0,,177.0,7.7,,1016.3,
2021-09-12,23.3,17.0,30.0,0.0,,151.0,8.3,,1015.6,
2021-09-13,24.5,18.0,32.0,0.0,,136.0,9.0,,1015.6,
2021-09-14,24.7,18.0,31.0,0.0,,244.0,9.2,,1016.5,
2021-09-15,24.8,19.6,30.0,0.0,,205.0,8.9,,1016.4,
2021-09-16,23.3,20.6,25.5,4.9,,183.0,9.3,,1014.7,
2021-09-17,22.5,19.0,27.0,6.1,,236.0,5.5,,1011.1,
2021-09-18,21.9,17.0,27.0,8.2,,257.0,5.8,,1012.0,
2021-09-19,20.8,16.0,27.0,1.3,,206.0,8.3,,1010.3,
2021-09-20,20.0,15.0,26.0,4.1,,194.0,8.9,,1013.3,
2021-09-21,18.5,15.0,23.0,6.9,,24.0,7.7,,1022.2,
2021-09-22,18.0,12.9,24.0,0.0,,133.0,9.8,,1022.8,
2021-09-23,18.0,12.8,24.0,0.0,,133.0,8.2,,1022.2,
2021-09-24,19.7,13.6,27.2,0.0,,148.0,9.4,,1018.4,
2021-09-25,20.6,14.3,27.1,0.0,,164.0,7.0,,1020.4,
2021-09-26,19.2,16.1,24.0,3.6,,172.0,7.7,,1019.4,
2021-09-27,18.4,14.8,22.0,0.1,,269.0,6.9,,1017.9,
2021-09-28,20.2,16.0,26.0,0.0,,168.0,7.2,,1019.2,
2021-09-29,20.9,16.4,26.1,0.2,,227.0,6.9,,1017.2,
2021-09-30,19.9,16.8,23.6,1.5,,48.0,8.3,,1022.2,
2021-10-01,17.7,13.0,23.0,0.0,,67.0,7.4,,1023.1,
2021-10-02,17.9,13.0,23.2,0.0,,106.0,8.7,,1019.0,
2021-10-03,19.8,13.0,28.0,1.0,,140.0,8.8,,1017.1,
2021-10-04,20.9,16.5,25.7,0.3,,107.0,9.2,,1016.3,
2021-10-05,20.1,17.0,24.1,0.0,,172.0,13.0,,1012.9,
2021-10-06,18.1,14.1,22.8,19.7,,220.0,14.9,,1012.3,
2021-10-07,14.3,12.8,16.1,6.3,,311.0,11.2,,1015.8,
2021-10-08,15.4,13.4,18.0,0.5,,351.0,10.9,,1019.9,
2021-10-09,13.2,9.0,18.0,0.0,,327.0,9.2,,1022.6,
2021-10-10,11.1,6.0,17.0,0.0,,267.0,7.5,,1021.5,
2021-10-11,13.0,10.0,18.0,0.0,,238.0,7.9,,1019.6,
2021-10-12,13.5,10.0,19.0,0.0,,139.0,12.4,,1016.2,
2021-10-13,12.0,7.0,18.0,2.6,,162.0,8.9,,1017.4,
2021-10-14,10.7,5.3,17.0,0.0,,217.0,5.1,,1024.0,
2021-10-15,10.9,5.8,17.1,0.0,,218.0,8.5,,1019.4,
2021-10-16,12.1,6.0,19.0,0.0,,239.0,7.7,,1018.3,
2021-10-17,12.5,7.0,19.2,0.0,,240.0,6.3,,1020.5,
2021-10-18,13.1,8.0,20.0,0.0,,188.0,9.0,,1024.1,
2021-10-19,13.7,8.0,19.1,0.0,,212.0,9.1,,1027.7,
2021-10-20,15.6,10.2,21.6,0.0,,170.0,9.2,,1024.4,
2021-10-21,18.5,15.0,23.0,0.0,,195.0,12.6,,1014.3,
2021-10-22,13.5,10.6,17.0,0.2,,281.0,4.1,,1015.9,
2021-10-23,14.4,11.8,18.0,2.1,,283.0,4.4,,1022.2,
2021-10-24,12.8,8.5,18.0,0.0,,352.0,5.5,,1027.4,
2021-10-25,11.0,6.8,16.0,0.0,,263.0,4.8,,1024.2,
2021-10-26,12.4,10.9,14.1,0.0,,256.0,6.3,,1022.5,
2021-10-27,12.7,8.0,18.0,0.0,,262.0,6.6,,1025.5,
2021-10-28,11.4,7.2,18.0,0.0,,190.0,6.6,,1022.8,
2021-10-29,10.8,6.4,16.0,0.0,,203.0,7.3,,1019.1,
2021-10-30,11.1,6.0,16.0,0.0,,198.0,6.0,,1018.8,
2021-10-31,12.4,11.0,13.3,0.0,,267.0,5.9,,1018.1,
2021-11-01,11.9,10.9,13.3,23.2,,274.0,11.1,,1006.1,
2021-11-02,12.3,7.0,18.0,0.4,,229.0,6.5,,1002.6,
2021-11-03,13.3,9.0,18.0,5.8,,114.0,9.7,,1001.5,
2021-11-04,13.0,8.0,17.4,0.1,,241.0,9.5,,1005.2,
2021-11-05,9.3,6.0,13.2,0.1,,254.0,8.3,,1018.6,
2021-11-06,10.4,8.4,13.1,0.4,,269.0,9.7,,1025.0,
2021-11-07,10.8,9.0,14.0,0.3,,282.0,8.0,,1020.3,
2021-11-08,9.6,8.7,11.0,3.2,,261.0,8.4,,1017.2,
2021-11-09,10.5,9.0,12.0,0.2,,270.0,10.2,,1025.5,
2021-11-10,11.2,10.0,13.0,0.5,,261.0,7.3,,1027.3,
2021-11-11,12.1,10.0,15.0,0.0,,246.0,7.1,,1023.6,
2021-11-12,11.3,9.0,16.0,0.0,,186.0,6.0,,1019.2,
2021-11-13,10.2,8.0,12.0,0.2,,124.0,5.6,,1017.1,
2021-11-14,12.4,11.0,13.2,9.3,,85.0,9.6,,1014.4,
2021-11-15,12.9,11.9,14.0,13.6,,39.0,12.4,,1018.4,
2021-11-16,10.0,9.0,11.0,11.3,,274.0,10.1,,1019.9,
2021-11-17,10.7,9.0,12.0,0.9,,268.0,8.7,,1019.5,
2021-11-18,12.0,10.0,14.3,0.2,,289.0,6.7,,1025.5,
2021-11-19,10.8,9.7,13.0,0.0,,314.0,5.7,,1028.9,
2021-11-20,8.6,7.0,10.0,0.0,,269.0,7.5,,1024.1,
2021-11-21,6.8,5.0,8.0,0.0,,106.0,8.3,,1014.3,
2021-11-22,8.5,7.0,9.4,5.1,,281.0,7.8,,1013.1,
2021-11-23,9.6,6.0,13.0,0.2,,267.0,6.9,,1021.5,
2021-11-24,6.2,3.0,11.0,0.0,,248.0,5.0,,1021.9,
2021-11-25,5.4,4.9,6.0,4.9,,269.0,8.0,,1012.1,
2021-11-26,7.6,5.0,12.0,0.2,,244.0,9.1,,997.5,
2021-11-27,10.6,5.0,14.0,2.2,,188.0,8.3,,992.8,
2021-11-28,6.2,3.0,11.0,1.5,,219.0,10.0,,992.8,
2021-11-29,3.7,0.0,8.0,0.2,,252.0,11.4,,1001.1,
2021-11-30,4.9,1.0,12.0,0.0,,234.0,8.8,,1015.5,
2021-12-01,5.0,1.0,10.0,0.2,,343.0,5.4,,1010.6,
2021-12-02,5.8,4.6,7.0,7.1,,277.0,6.6,,1000.5,
2021-12-03,6.4,3.7,9.0,3.8,,264.0,8.5,,1010.5,
2021-12-04,4.0,1.4,6.0,0.5,,265.0,5.6,,1010.0,
2021-12-05,4.8,2.0,8.2,1.1,,264.0,6.7,,1003.2,
2021-12-06,3.2,1.0,9.0,0.0,,246.0,10.6,,1009.3,
2021-12-07,2.7,-2.0,9.0,0.0,,218.0,7.7,,1012.7,
2021-12-08,1.5,-1.6,3.0,3.7,,243.0,9.0,,1004.6,
2021-12-09,3.4,1.0,5.0,1.0,,262.0,9.6,,1002.6,
2021-12-10,2.3,0.0,5.0,5.1,,237.0,8.1,,1002.6,
2021-12-11,4.2,1.8,9.0,3.7,,264.0,13.8,,1008.6,
2021-12-12,4.2,-0.4,10.1,0.0,,220.0,9.3,,1021.8,
2021-12-13,4.4,1.0,10.0,0.0,,239.0,5.9,,1025.0,
2021-12-14,4.1,0.0,10.0,0.0,,226.0,4.7,,1026.3,
2021-12-15,3.3,0.0,8.0,0.0,,247.0,4.9,,1029.1,
2021-12-16,2.9,-1.0,8.0,0.0,,247.0,5.9,,1031.2,
2021-12-17,3.2,-1.6,10.1,0.0,,270.0,7.9,,1031.5,
2021-12-18,-0.8,-3.0,1.0,0.0,,279.0,6.9,,1032.3,
2021-12-19,1.9,-3.6,9.0,0.0,,277.0,6.6,,1024.3,
2021-12-20,2.0,-1.0,4.8,0.0,,266.0,7.2,,1017.6,
2021-12-21,4.6,2.0,7.0,0.0,,269.0,8.6,,1023.2,
2021-12-22,4.9,2.4,7.3,0.0,,261.0,5.9,,1025.1,
2021-12-23,3.3,1.7,5.2,0.0,,245.0,6.7,,1023.0,
2021-12-24,4.1,1.9,6.1,0.1,,255.0,5.0,,1014.9,
2021-12-25,4.5,1.0,6.3,9.6,,287.0,4.6,,1009.1,
2021-12-26,5.6,4.0,7.0,7.1,,285.0,4.5,,1008.4,
2021-12-27,7.1,6.0,8.1,3.3,,324.0,4.8,,1009.1,
2021-12-28,7.5,6.0,9.1,0.6,,256.0,6.1,,1008.7,
2021-12-29,4.7,0.2,6.0,0.0,,334.0,4.0,,1010.4,
2021-12-30,4.7,4.0,6.0,0.0,,286.0,5.8,,1020.5,
2021-12-31,3.2,0.0,6.0,0.0,,282.0,5.5,,1025.2,
2022-01-01,1.6,-1.0,4.2,0.0,,287.0,3.7,,1025.6,
2022-01-02,4.1,-2.0,11.0,0.0,,315.0,4.7,,1024.9,
2022-01-03,4.1,3.0,5.0,0.0,,84.0,5.1,,1020.4,
2022-01-04,4.6,3.0,6.0,0.0,,305.0,4.4,,1012.2,
2022-01-05,6.6,4.0,14.6,19.9,,293.0,10.6,,1001.9,
2022-01-06,4.8,2.1,7.0,8.2,,287.0,10.2,,1013.7,
2022-01-07,2.9,-0.4,7.0,0.0,,261.0,6.2,,1019.6,
2022-01-08,1.4,-1.7,6.0,0.0,,216.0,6.0,,1014.6,
2022-01-09,0.5,-3.0,3.0,3.4,,272.0,8.0,,1005.9,
2022-01-10,3.2,0.7,5.2,1.2,,267.0,9.3,,1011.5,
2022-01-11,2.8,-1.4,9.0,0.0,,268.0,5.8,,1022.8,
2022-01-12,1.5,-3.0,8.0,0.0,,265.0,7.5,,1031.1,
2022-01-13,1.4,-4.0,7.0,0.0,,244.0,7.4,,1036.7,
2022-01-14,4.2,-1.3,12.0,0.0,,238.0,7.5,,1031.2,
2022-01-15,5.5,2.0,12.0,0.0,,231.0,5.6,,1024.7,
2022-01-16,4.4,0.2,11.0,0.0,,230.0,5.9,,1024.2,
2022-01-17,6.0,0.0,13.1,0.0,,233.0,7.9,,1025.4,
2022-01-18,2.2,-1.0,6.0,0.0,,235.0,4.3,,1031.8,
2022-01-19,3.6,1.0,7.1,0.0,,206.0,7.5,,1030.3,
2022-01-20,2.2,0.0,7.0,3.8,,286.0,6.0,,1020.8,
2022-01-21,3.6,0.0,7.0,0.0,,236.0,5.2,,1023.5,
2022-01-22,1.6,-4.0,8.0,0.0,,247.0,9.7,,1026.4,
2022-01-23,0.0,-3.5,4.0,0.0,,312.0,5.0,,1029.5,
2022-01-24,1.0,-2.8,6.0,0.0,,266.0,5.7,,1032.2,
2022-01-25,3.5,1.7,5.0,0.0,,265.0,8.6,,1033.2,
2022-01-26,3.6,0.0,7.0,0.0,,269.0,6.3,,1028.7,
2022-01-27,4.0,3.0,5.0,0.0,,263.0,5.1,,1026.6,
2022-01-28,3.3,0.0,11.0,0.0,,237.0,7.8,,1026.1,
2022-01-29,2.3,-5.3,10.0,0.0,,291.0,5.0,,1028.4,
2022-01-30,6.9,2.0,13.2,0.0,,202.0,8.1,,1019.3,
2022-01-31,2.8,-2.0,7.0,0.2,,278.0,5.7,,1010.3,
2022-02-01,8.9,5.4,15.0,0.0,,254.0,17.9,,1012.0,
2022-02-02,7.6,0.0,15.4,0.0,,217.0,7.8,,1011.9,
2022-02-03,6.9,0.0,13.0,0.0,,260.0,6.8,,1020.5,
2022-02-04,6.8,2.9,10.4,0.0,,293.0,4.8,,1018.0,
2022-02-05,7.4,3.0,10.2,0.0,,262.0,3.2,,1019.7,
2022-02-06,5.2,1.6,7.6,0.0,,259.0,3.8,,1020.5,
2022-02-07,5.2,0.0,13.2,0.0,,268.0,6.7,,1015.1,
2022-02-08,7.4,2.0,15.0,0.0,,222.0,9.6,,1029.2,
2022-02-09,8.0,-1.0,15.3,0.0,,225.0,6.9,,1030.3,
2022-02-10,9.4,2.1,16.0,0.0,,229.0,7.5,,1026.3,
2022-02-11,9.6,5.0,15.0,1.2,,249.0,8.3,,1023.6,
2022-02-12,6.4,2.0,10.0,0.1,,274.0,6.6,,1030.3,
2022-02-13,4.4,-1.6,10.0,0.0,,159.0,7.1,,1026.6,
2022-02-14,4.5,2.0,7.2,0.0,,109.0,5.8,,1018.7,
2022-02-15,4.2,2.0,6.0,5.9,,268.0,11.4,,1013.2,
2022-02-16,7.9,5.0,12.0,0.0,,275.0,5.5,,1016.5,
2022-02-17,6.8,1.0,14.0,0.0,,309.0,5.6,,1012.5,
2022-02-18,4.8,1.0,9.0,0.0,,77.0,5.0,,1015.8,
2022-02-19,7.3,1.2,12.5,0.2,,291.0,4.9,,1015.6,
2022-02-20,10.6,7.0,15.9,0.4,,287.0,5.4,,1017.9,
2022-02-21,9.5,4.4,16.0,2.2,,289.0,8.3,,1007.9,
2022-02-22,10.5,5.0,17.0,0.0,,244.0,11.8,,1015.5,
2022-02-23,9.1,4.0,16.1,0.0,,247.0,6.3,,1023.9,
2022-02-24,6.5,-1.0,13.0,0.0,,256.0,4.5,,1022.4,
2022-02-25,9.6,4.4,15.0,1.8,,295.0,8.9,,1018.0,
2022-02-26,6.5,1.6,11.3,0.3,,358.0,12.1,,1025.1,
2022-02-27,5.7,0.4,11.0,0.0,,338.0,9.5,,1026.1,
2022-02-28,6.2,0.0,12.0,0.0,,112.0,10.2,,1026.5,
2022-03-01,5.1,-0.1,9.3,0.0,,283.0,8.3,,1029.5,
2022-03-02,6.1,0.0,13.0,0.0,,221.0,8.7,,1023.2,
2022-03-03,8.1,4.0,13.5,0.0,,223.0,6.3,,1016.1,
2022-03-04,7.3,4.0,12.0,1.7,,64.0,8.8,,1014.2,
2022-03-05,3.9,-1.0,10.0,0.0,,290.0,8.4,,1017.0,
2022-03-06,3.4,-2.0,9.2,0.1,,271.0,8.5,,1017.2,
2022-03-07,3.8,-1.0,9.6,0.0,,208.0,7.4,,1018.3,
2022-03-08,3.7,-2.3,10.0,0.0,,129.0,7.9,,1022.4,
2022-03-09,5.5,-1.0,13.0,0.0,,192.0,8.1,,1023.8,
2022-03-10,7.3,1.0,15.3,0.0,,166.0,8.7,,1024.6,
2022-03-11,5.9,-1.0,12.5,0.0,,101.0,13.7,,1026.3,
2022-03-12,4.4,-2.1,11.0,0.0,,92.0,6.7,,1027.7,
2022-03-13,5.0,-1.0,11.4,0.0,,126.0,9.5,,1026.9,
2022-03-14,8.3,3.9,14.0,0.0,,314.0,5.6,,1032.3,
2022-03-15,8.9,4.0,14.1,0.0,,251.0,5.9,,1033.3,
2022-03-16,11.6,6.8,17.0,0.0,,182.0,8.0,,1025.3,
2022-03-17,11.4,8.7,14.6,0.0,,59.0,6.9,,1026.5,
2022-03-18,9.2,5.7,13.0,0.0,,164.0,7.7,,1031.7,
2022-03-19,7.7,2.0,14.0,0.0,,14.0,8.4,,1033.8,
2022-03-20,7.9,1.3,13.9,0.0,,28.0,7.8,,1035.1,
2022-03-21,6.8,1.0,13.0,0.0,,241.0,6.6,,1035.8,
2022-03-22,7.4,0.1,15.0,0.0,,188.0,8.4,,1034.4,
2022-03-23,10.2,3.0,18.5,0.0,,230.0,10.4,,1030.7,
2022-03-24,13.0,6.0,21.4,0.0,,197.0,10.1,,1026.3,
2022-03-25,14.0,6.8,21.0,0.0,,202.0,10.5,,1024.6,
2022-03-26,13.3,7.0,21.0,0.0,,173.0,8.8,,1026.0,
2022-03-27,12.4,7.0,18.0,0.0,,131.0,6.5,,1027.4,
2022-03-28,12.5,6.2,21.0,0.0,,151.0,10.0,,1024.2,
2022-03-29,11.4,5.0,19.0,0.0,,70.0,6.2,,1014.6,
2022-03-30,10.3,7.0,14.0,6.0,,80.0,7.4,,1004.8,
2022-03-31,10.5,9.5,11.4,17.5,,298.0,7.5,,993.5,
2022-04-01,12.6,7.9,17.0,1.5,,206.0,10.9,,992.0,
2022-04-02,9.0,4.4,12.0,2.4,,141.0,11.8,,999.4,
2022-04-03,8.2,5.0,12.0,1.8,,164.0,11.6,,1012.9,
2022-04-04,9.4,6.0,14.0,8.6,,4.0,5.9,,1017.3,
2022-04-05,10.9,5.0,17.0,0.0,,154.0,11.1,,1013.0,
2022-04-06,11.1,5.0,17.3,0.0,,52.0,7.6,,1009.8,
2022-04-07,14.2,7.4,20.5,0.0,,218.0,9.0,,1004.4,
2022-04-08,17.6,8.9,23.2,0.0,,203.0,17.3,,1003.0,
2022-04-09,15.3,5.2,20.8,3.2,,193.0,21.3,,1001.9,
2022-04-10,9.2,2.4,16.0,0.0,,239.0,8.6,,1017.8,
2022-04-11,11.2,2.4,18.8,0.0,,240.0,7.8,,1020.7,
2022-04-12,12.4,5.4,19.0,0.0,,9.0,7.9,,1020.0,
2022-04-13,12.8,7.1,19.3,0.0,,89.0,7.8,,1019.3,
2022-04-14,13.9,6.8,21.4,0.0,,124.0,8.0,,1019.3,
2022-04-15,14.9,8.0,22.3,0.0,,127.0,7.4,,1019.2,
2022-04-16,14.6,9.0,20.1,0.6,,126.0,13.2,,1017.5,
2022-04-17,11.8,6.9,15.0,0.0,,76.0,13.5,,1019.8,
2022-04-18,10.3,2.8,17.3,0.0,,156.0,10.9,,1015.8,
2022-04-19,11.7,4.0,19.2,0.0,,345.0,8.6,,1009.9,
2022-04-20,12.5,8.6,17.0,0.4,,77.0,13.5,,1012.1,
2022-04-21,10.6,9.8,12.0,9.6,,59.0,9.7,,1009.3,
2022-04-22,10.8,9.1,12.4,49.0,,270.0,12.2,,1001.7,
2022-04-23,14.9,8.8,21.5,0.5,,157.0,9.2,,1005.9,
2022-04-24,12.2,10.0,15.3,1.6,,180.0,9.7,,1005.6,
2022-04-25,14.7,8.7,20.6,1.2,,193.0,10.3,,1009.5,
2022-04-26,15.7,9.8,20.5,0.7,,314.0,7.0,,1013.3,
2022-04-27,14.7,8.0,20.7,0.0,,86.0,7.7,,1017.9,
2022-04-28,14.0,7.2,20.1,0.0,,83.0,7.7,,1023.0,
2022-04-29,14.3,7.2,20.5,0.0,,143.0,7.8,,1024.3,
2022-04-30,15.2,7.6,21.3,0.0,,153.0,8.5,,1019.8,
2022-05-01,15.2,12.7,20.7,1.1,,251.0,8.6,,1016.0,
2022-05-02,14.5,9.0,20.0,0.9,,246.0,6.2,,1014.6,
2022-05-03,16.9,11.0,22.6,0.0,,241.0,8.3,,1014.4,
2022-05-04,16.4,11.0,22.4,2.5,,220.0,7.0,,1017.1,
2022-05-05,14.6,11.6,17.4,7.2,,140.0,6.2,,1018.9,
2022-05-06,13.9,13.1,15.5,16.5,,63.0,13.8,,1018.6,
2022-05-07,14.7,12.8,17.4,1.3,,18.0,5.5,,1018.9,
2022-05-08,16.1,13.0,21.0,4.0,,246.0,7.7,,1019.2,
2022-05-09,17.7,12.0,23.7,0.0,,260.0,6.3,,1022.0,
2022-05-10,19.6,12.9,25.7,0.0,,236.0,7.0,,1021.2,
2022-05-11,22.0,16.1,28.1,0.0,,179.0,9.3,,1019.6,
2022-05-12,22.4,16.1,28.4,0.0,,192.0,10.4,,1019.8,
2022-05-13,22.0,15.5,28.0,0.0,,195.0,8.9,,1018.6,
2022-05-14,22.0,15.3,28.0,0.2,,179.0,8.8,,1017.9,
2022-05-15,22.9,16.8,28.3,0.3,,164.0,8.3,,1017.6,
2022-05-16,24.1,17.1,30.3,0.0,,209.0,10.4,,1017.6,
2022-05-17,23.0,16.4,29.9,0.0,,284.0,6.9,,1017.5,
2022-05-18,22.5,15.8,26.9,0.0,,117.0,16.2,,1020.6,
2022-05-19,21.0,14.6,27.0,0.0,,110.0,9.6,,1026.0,
2022-05-20,22.9,14.4,29.4,0.0,,177.0,6.6,,1024.6,
2022-05-21,24.6,18.6,30.8,0.0,,181.0,8.8,,1017.8,
2022-05-22,24.8,19.8,30.2,0.0,,198.0,9.9,,1011.8,
2022-05-23,25.7,19.1,30.7,0.0,,212.0,9.6,,1007.7,
2022-05-24,24.1,16.7,28.9,0.0,,221.0,9.8,,1006.1,
2022-05-25,22.7,16.7,28.4,1.7,,305.0,6.3,,1011.8,
2022-05-26,22.4,18.4,26.8,,,91.0,5.9,,1019.1,
2022-05-27,24.6,19.2,30.2,0.0,,63.0,5.9,,1016.5,
2022-05-28,22.0,18.1,28.2,6.8,,91.0,11.5,,1008.9,
2022-05-29,15.1,13.8,16.7,9.8,,59.0,8.9,,1007.9,
2022-05-30,17.0,13.4,20.9,2.2,,45.0,4.3,,1010.3,
2022-05-31,20.0,15.9,25.4,1.6,,42.0,7.0,,1014.1,
2022-06-01,22.3,16.9,27.7,0.0,,88.0,8.0,,1014.8,
2022-06-02,24.1,18.2,30.1,0.0,,107.0,7.5,,1016.0,
2022-06-03,22.7,18.2,25.5,0.5,,91.0,5.1,,1017.9,
2022-06-04,24.2,19.4,29.6,0.0,,262.0,5.8,,1017.7,
2022-06-05,26.0,20.5,31.8,0.1,,225.0,6.6,,1014.3,
2022-06-06,25.0,19.3,30.6,0.2,,117.0,9.3,,1014.5,
2022-06-07,22.3,19.0,27.3,4.3,,228.0,8.9,,1011.3,
2022-06-08,22.0,16.5,26.8,0.0,,125.0,11.4,,1009.1,
2022-06-09,20.0,16.5,23.8,8.6,,333.0,8.6,,1008.3,
2022-06-10,22.2,17.9,27.8,0.0,,245.0,8.7,,1015.1,
2022-06-11,23.3,15.8,29.0,0.0,,144.0,6.4,,1019.1,
2022-06-12,25.2,18.5,31.1,0.0,,133.0,10.1,,1019.4,
2022-06-13,25.9,19.8,32.4,0.1,,34.0,7.8,,1014.8,
2022-06-14,24.4,18.9,29.2,0.0,,91.0,11.6,,1016.8,
2022-06-15,24.7,17.9,32.1,1.1,,85.0,6.7,,1017.7,
2022-06-16,27.1,19.9,34.1,0.0,,230.0,7.5,,1016.4,
2022-06-17,26.9,20.7,33.0,1.1,,87.0,8.7,,1018.0,
2022-06-18,26.0,19.9,31.2,0.0,,94.0,10.8,,1020.1,
2022-06-19,26.5,19.9,32.4,0.0,,120.0,13.9,,1015.7,
2022-06-20,27.8,19.1,35.3,0.0,,214.0,10.6,,1012.0,
2022-06-21,29.2,20.9,35.1,0.0,,197.0,10.7,,1011.7,
2022-06-22,26.7,20.8,31.1,0.0,,270.0,6.4,,1011.5,
2022-06-23,26.5,21.4,31.2,0.0,,235.0,6.7,,1012.7,
2022-06-24,27.8,20.6,33.3,0.0,,191.0,10.1,,1010.9,
2022-06-25,26.7,20.2,32.6,0.0,,214.0,6.7,,1012.3,
2022-06-26,27.4,21.0,34.0,0.0,,131.0,12.4,,1014.1,
2022-06-27,27.7,19.4,35.1,0.0,,80.0,9.4,,1013.6,
2022-06-28,25.5,21.6,28.7,10.2,,148.0,6.5,,1013.2,
2022-06-29,26.8,21.0,32.3,2.3,,247.0,12.1,,1010.9,
2022-06-30,28.1,20.6,35.3,0.0,,204.0,8.9,,1011.4,
2022-07-01,28.1,20.4,34.8,0.0,,250.0,7.6,,1012.2,
2022-07-02,27.7,19.5,34.7,0.0,,184.0,7.4,,1017.2,
2022-07-03,29.8,23.2,36.2,0.0,,307.0,7.0,,1016.3,
2022-07-04,28.5,22.5,35.7,0.0,,104.0,8.7,,1014.8,
2022-07-05,27.3,20.1,34.3,0.0,,282.0,9.7,,1014.3,
2022-07-06,26.7,22.3,31.3,1.4,,76.0,10.9,,1016.5,
2022-07-07,25.8,19.6,33.0,2.2,,120.0,9.9,,1015.4,
2022-07-08,23.5,17.0,29.3,0.0,,109.0,9.1,,1019.6,
2022-07-09,24.1,18.2,28.8,0.0,,127.0,13.8,,1020.8,
2022-07-10,26.0,18.3,32.8,0.0,,171.0,8.4,,1016.1,
2022-07-11,25.2,18.3,31.0,0.0,,94.0,12.7,,1016.7,
2022-07-12,25.5,19.3,30.5,1.1,,81.0,12.4,,1019.2,
2022-07-13,26.0,18.8,32.5,0.0,,90.0,9.3,,1021.9,
2022-07-14,27.8,19.8,34.9,0.0,,111.0,9.8,,1018.6,
2022-07-15,29.9,22.0,36.8,0.0,,184.0,10.9,,1012.8,
2022-07-16,28.4,20.9,34.7,0.1,,101.0,7.6,,1014.5,
2022-07-17,27.7,22.3,32.9,0.0,,80.0,11.7,,1019.2,
2022-07-18,27.4,20.0,33.6,0.0,,87.0,11.1,,1020.8,
2022-07-19,27.8,20.1,34.3,0.0,,113.0,9.7,,1019.5,
2022-07-20,28.6,21.6,35.8,0.0,,119.0,9.0,,1018.2,
2022-07-21,29.2,21.3,36.4,0.0,,86.0,8.5,,1015.9,
2022-07-22,30.0,22.5,37.9,0.0,,77.0,8.6,,1015.1,
2022-07-23,31.8,23.7,37.8,0.0,,238.0,7.7,,1014.2,
2022-07-24,30.4,24.3,36.3,0.0,,293.0,9.0,,1015.1,
2022-07-25,30.9,23.8,36.9,0.0,,232.0,7.8,,1012.6,
2022-07-26,29.4,24.7,34.9,0.0,,21.0,13.8,,1009.7,
2022-07-27,26.7,21.3,31.7,0.4,,59.0,9.4,,1010.7,
2022-07-28,26.6,21.0,31.7,0.0,,134.0,8.6,,1012.7,
2022-07-29,26.1,20.7,34.4,3.2,,234.0,8.8,,1013.6,
2022-07-30,26.2,21.6,32.0,0.0,,291.0,9.8,,1014.1,
2022-07-31,27.7,19.2,34.4,0.0,,220.0,6.8,,1015.0,
2022-08-01,29.1,22.1,36.4,0.0,,176.0,10.0,,1013.6,
2022-08-02,27.6,23.3,32.3,1.9,,84.0,10.2,,1015.3,
2022-08-03,27.6,20.7,34.2,0.0,,115.0,8.5,,1016.0,
2022-08-04,29.3,22.0,36.6,0.0,,129.0,9.3,,1014.9,
2022-08-05,30.3,23.3,37.1,0.0,,119.0,7.8,,1013.0,
2022-08-06,29.6,23.7,37.2,0.0,,305.0,9.5,,1013.1,
2022-08-07,25.6,23.6,28.7,0.3,,324.0,7.6,,1015.9,
2022-08-08,26.1,21.3,31.6,0.1,,311.0,7.0,,1015.9,
2022-08-09,26.4,22.0,31.3,0.0,,67.0,8.3,,1018.1,
2022-08-10,25.6,19.3,32.0,0.0,,104.0,9.2,,1018.6,
2022-08-11,25.7,18.7,31.7,0.0,,46.0,8.6,,1017.4,
2022-08-12,24.2,19.5,29.7,0.3,,120.0,13.2,,1014.8,
2022-08-13,23.3,17.7,29.4,0.0,,252.0,9.2,,1013.8,
2022-08-14,26.2,18.3,33.5,0.0,,149.0,10.7,,1010.1,
2022-08-15,26.9,21.9,33.8,0.1,,204.0,10.7,,1006.7,
2022-08-16,26.2,19.9,32.1,0.0,,82.0,10.5,,1009.7,
2022-08-17,26.1,19.6,34.2,0.0,,132.0,7.8,,1012.2,
2022-08-18,22.7,21.2,26.8,10.9,,262.0,6.7,,1010.7,
2022-08-19,21.6,17.1,25.6,19.2,,269.0,9.6,,1009.7,
2022-08-20,25.3,19.3,32.1,0.0,,255.0,9.1,,1011.5,
2022-08-21,26.2,19.8,32.2,0.0,,154.0,9.3,,1010.5,
2022-08-22,25.3,19.3,31.7,0.0,,101.0,6.5,,1009.0,
2022-08-23,24.6,18.5,30.1,0.0,,115.0,9.3,,1012.0,
2022-08-24,24.5,18.6,30.3,0.2,,130.0,8.1,,1015.6,
2022-08-25,25.4,19.0,31.4,0.0,,135.0,7.7,,1014.3,
2022-08-26,26.8,21.3,32.0,0.3,,201.0,7.9,,1011.0,
2022-08-27,24.1,21.5,29.4,3.8,,192.0,8.8,,1010.4,
2022-08-28,23.7,18.7,29.9,0.2,,218.0,6.0,,1013.1,
2022-08-29,25.2,19.0,31.7,0.0,,168.0,7.1,,1016.0,
2022-08-30,24.4,20.9,30.7,0.1,,177.0,8.7,,1016.7,
2022-08-31,23.0,19.4,27.3,4.4,,83.0,5.1,,1014.2,
2022-09-01,22.3,20.1,25.3,11.8,,40.0,8.0,,1013.3,
2022-09-02,21.9,16.9,27.0,0.0,,114.0,7.3,,1015.1,
2022-09-03,21.8,17.7,26.3,0.1,,108.0,6.7,,1015.0,
2022-09-04,23.5,18.4,29.1,0.0,,218.0,5.9,,1018.7,
2022-09-05,24.5,17.8,30.2,0.0,,149.0,7.6,,1021.4,
2022-09-06,25.6,20.2,31.9,0.0,,150.0,9.6,,1018.2,
2022-09-07,25.4,20.2,30.8,0.0,,290.0,7.8,,1015.1,
2022-09-08,24.9,19.9,31.8,2.4,,85.0,8.0,,1010.9,
2022-09-09,22.7,16.4,29.7,6.5,,255.0,6.4,,1011.4,
2022-09-10,23.0,17.4,27.9,0.2,,51.0,7.9,,1013.0,
2022-09-11,22.5,18.1,27.6,1.1,,85.0,5.6,,1014.7,
2022-09-12,22.8,16.5,28.9,0.0,,151.0,7.2,,1015.2,
2022-09-13,23.7,17.4,30.4,0.0,,187.0,8.8,,1013.3,
2022-09-14,25.5,19.4,31.8,0.0,,208.0,11.2,,1011.2,
2022-09-15,24.5,20.9,28.5,0.0,,190.0,8.0,,1006.6,
2022-09-16,24.9,17.6,31.4,2.8,,230.0,9.6,,1003.4,
2022-09-17,16.4,12.9,21.4,30.2,,78.0,10.2,,1006.9,
2022-09-18,16.8,10.6,24.2,0.0,,232.0,8.1,,1013.7,
2022-09-19,18.9,11.0,24.8,0.0,,205.0,8.9,,1012.4,
2022-09-20,17.5,11.7,23.6,0.1,,94.0,6.8,,1016.4,
2022-09-21,16.0,10.9,21.0,0.0,,105.0,9.9,,1020.8,
2022-09-22,14.6,8.8,20.7,0.0,,151.0,7.9,,1021.4,
2022-09-23,15.8,10.2,22.7,0.0,,140.0,9.3,,1020.1,
2022-09-24,16.0,11.3,21.6,11.2,,171.0,6.4,,1016.0,
2022-09-25,16.1,14.5,18.2,1.6,,272.0,6.0,,1011.9,
2022-09-26,17.7,13.8,22.3,2.0,,202.0,7.1,,1007.0,
2022-09-27,17.7,10.8,23.8,1.3,,217.0,8.5,,999.8,
2022-09-28,17.5,12.4,23.3,0.1,,177.0,6.4,,999.8,
2022-09-29,17.4,11.6,25.0,0.1,,230.0,6.0,,998.9,
2022-09-30,16.4,15.0,17.6,8.7,,171.0,11.2,,1007.5,
2022-10-01,17.1,12.9,22.3,0.0,,258.0,9.1,,1015.7,
2022-10-02,17.9,11.2,24.6,0.0,,207.0,5.6,,1018.6,
2022-10-03,19.2,15.2,24.4,0.0,,137.0,6.1,,1018.7,
2022-10-04,17.4,12.6,21.7,0.0,,162.0,4.7,,1021.9,
2022-10-05,18.6,13.6,24.2,0.0,,131.0,5.8,,1026.3,
2022-10-06,19.0,13.6,24.7,0.0,,154.0,7.5,,1027.4,
2022-10-07,18.6,13.7,24.6,0.0,,248.0,7.4,,1024.7,
2022-10-08,18.7,13.8,24.4,0.0,,156.0,8.1,,1019.4,
2022-10-09,18.4,14.5,22.7,7.9,,89.0,7.8,,1020.3,
2022-10-10,18.1,15.4,21.4,4.7,,58.0,4.9,,1020.4,
2022-10-11,17.7,13.1,23.2,0.0,,255.0,6.2,,1021.4,
2022-10-12,17.1,12.0,23.2,0.0,,195.0,6.3,,1022.0,
2022-10-13,16.9,11.9,22.1,0.0,,241.0,5.1,,1020.6,
2022-10-14,16.9,12.2,22.3,0.0,,199.0,7.2,,1017.1,
2022-10-15,17.8,12.7,23.6,0.0,,188.0,6.5,,1016.5,
2022-10-16,19.4,15.1,24.6,0.0,,157.0,6.7,,1022.3,
2022-10-17,18.2,14.0,24.3,0.0,,227.0,4.6,,1028.3,
2022-10-18,18.7,14.6,24.6,0.0,,230.0,7.8,,1026.7,
2022-10-19,18.9,14.7,25.1,0.0,,196.0,6.9,,1022.0,
2022-10-20,17.7,12.6,23.0,0.0,,250.0,3.6,,1021.5,
2022-10-21,16.2,13.0,21.4,0.0,,214.0,5.2,,1019.2,
2022-10-22,22.1,17.9,26.4,0.0,,170.0,11.8,,1017.2,
2022-10-23,17.2,13.2,22.1,0.0,,262.0,3.3,,1021.2,
2022-10-24,18.3,14.0,24.6,0.0,,225.0,5.8,,1018.9,
2022-10-25,20.5,16.0,24.0,0.0,,43.0,6.5,,1018.8,
2022-10-26,18.2,12.6,25.0,0.0,,270.0,3.8,,1022.2,
2022-10-27,18.2,14.0,23.4,0.0,,237.0,7.6,,1027.0,
2022-10-28,17.7,14.0,23.0,0.0,,230.0,7.8,,1027.9,
2022-10-29,17.6,12.8,24.4,0.0,,231.0,7.6,,1026.0,
2022-10-30,17.8,12.6,25.8,0.0,,225.0,8.3,,1023.0,
2022-10-31,17.4,12.6,24.4,0.0,,231.0,6.7,,1022.1,
2022-11-01,16.1,11.4,21.2,0.0,,242.0,8.0,,1022.8,
2022-11-02,15.0,11.4,18.7,1.9,,275.0,4.8,,1023.7,
2022-11-03,15.0,13.6,16.5,1.4,,316.0,5.2,,1019.0,
2022-11-04,14.8,8.7,19.4,7.8,,257.0,10.6,,1004.2,
2022-11-05,12.1,8.4,17.7,1.6,,269.0,8.3,,1011.4,
2022-11-06,10.9,5.8,17.1,0.0,,192.0,7.0,,1017.8,
2022-11-07,11.0,6.6,17.5,0.0,,220.0,7.0,,1020.7,
2022-11-08,11.7,7.9,17.5,0.0,,232.0,5.8,,1021.3,
2022-11-09,12.4,8.4,17.7,0.0,,255.0,3.7,,1020.0,
2022-11-10,12.8,11.1,14.0,13.9,,270.0,7.2,,1025.3,
2022-11-11,13.9,11.6,17.6,0.0,,270.0,7.5,,1033.5,
2022-11-12,11.3,8.6,14.7,0.0,,236.0,6.2,,1030.2,
2022-11-13,9.8,6.9,12.3,5.5,,259.0,5.7,,1025.1,
2022-11-14,10.5,7.9,13.5,0.4,,274.0,4.8,,1022.9,
2022-11-15,8.8,6.0,11.0,9.7,,338.0,5.0,,1017.0,
2022-11-16,10.2,9.3,11.6,10.5,,272.0,8.6,,1005.4,
2022-11-17,10.0,5.2,12.9,0.3,,81.0,4.8,,1002.7,
2022-11-18,11.9,9.4,15.4,0.6,,248.0,9.9,,1000.8,
2022-11-19,8.7,6.0,10.7,16.4,,259.0,7.9,,1005.8,
2022-11-20,9.3,6.4,13.4,1.2,,248.0,7.1,,1010.7,
2022-11-21,7.8,3.9,12.7,0.5,,117.0,6.8,,1008.1,
2022-11-22,8.4,7.6,9.9,58.1,,290.0,16.7,,993.6,
2022-11-23,8.9,5.2,13.7,0.1,,221.0,6.8,,1003.3,
2022-11-24,7.6,3.4,13.6,0.0,,232.0,6.5,,1013.6,
2022-11-25,7.4,3.4,11.0,2.7,,282.0,3.5,,1019.2,
2022-11-26,8.3,4.8,11.8,10.0,,266.0,10.4,,1025.3,
2022-11-27,6.0,2.1,11.1,0.0,,242.0,5.5,,1027.4,
2022-11-28,5.5,3.5,7.1,0.0,,253.0,5.4,,1019.6,
2022-11-29,6.1,5.0,6.6,6.0,,273.0,7.5,,1017.0,
2022-11-30,5.7,3.0,7.9,0.1,,270.0,9.5,,1018.2,
2022-12-01,7.2,6.1,9.4,0.7,,272.0,9.6,,1018.4,
2022-12-02,6.9,5.5,8.0,0.0,,288.0,4.4,,1018.8,
2022-12-03,6.9,6.0,8.0,12.6,,270.0,4.6,,1016.4,
2022-12-04,8.7,7.7,10.1,10.0,,297.0,10.4,,1013.8,
2022-12-05,8.8,8.0,10.0,2.7,,303.0,6.8,,1017.2,
2022-12-06,6.4,3.3,10.3,0.0,,286.0,6.9,,1016.1,
2022-12-07,5.3,3.0,8.0,0.0,,303.0,6.1,,1013.3,
2022-12-08,5.3,4.0,8.0,1.5,,287.0,6.4,,1011.2,
2022-12-09,5.6,5.0,6.0,17.7,,298.0,8.4,,1003.8,
2022-12-10,5.6,3.6,7.1,0.0,,256.0,10.9,,999.1,
2022-12-11,5.0,2.0,7.0,25.4,,282.0,7.1,,1001.5,
2022-12-12,0.4,-2.0,1.2,0.0,,316.0,5.0,,1009.6,
2022-12-13,1.5,0.6,2.2,2.4,,272.0,9.0,,1010.5,
2022-12-14,3.1,2.0,4.1,0.0,,254.0,6.9,,1007.0,
2022-12-15,4.3,1.0,6.0,13.1,,220.0,7.2,,1006.0,
2022-12-16,4.8,3.7,6.1,0.7,,266.0,9.3,,1005.2,
2022-12-17,7.0,4.0,9.0,0.5,,280.0,6.2,,1017.3,
2022-12-18,5.7,1.4,9.0,0.0,,293.0,4.8,,1031.9,
2022-12-19,3.7,2.0,5.3,0.0,,238.0,5.2,,1034.0,
2022-12-20,6.3,5.0,8.0,0.0,,305.0,2.7,,1028.7,
2022-12-21,6.0,4.0,7.0,4.6,,283.0,4.0,,1021.7,
2022-12-22,7.0,4.6,10.0,1.4,,258.0,3.7,,1017.7,
2022-12-23,8.1,5.4,11.0,0.0,,46.0,4.0,,1015.8,
2022-12-24,8.8,8.0,10.0,0.0,,45.0,5.5,,1017.7,
2022-12-25,10.0,8.8,12.0,0.1,,287.0,3.5,,1024.0,
2022-12-26,9.3,6.0,12.0,0.0,,286.0,3.9,,1025.4,
2022-12-27,8.7,5.0,12.0,3.5,,115.0,5.0,,1025.6,
2022-12-28,9.2,7.8,11.0,0.0,,344.0,3.2,,1025.8,
2022-12-29,9.3,8.7,10.0,0.9,,359.0,3.0,,1022.2,
2022-12-30,9.1,8.0,10.0,0.0,,2.0,4.7,,1021.9,
2022-12-31,9.6,6.0,13.0,0.0,,262.0,5.9,,1029.5,
2023-01-01,7.9,5.0,11.2,0.0,,232.0,6.7,,1031.2,
2023-01-02,8.9,7.8,10.0,0.0,,242.0,3.2,,1029.9,
2023-01-03,8.6,8.0,9.1,0.0,,309.0,4.7,,1029.7,
2023-01-04,10.2,8.0,12.0,0.0,,228.0,6.4,,1029.7,
2023-01-05,8.7,5.0,12.0,0.0,,244.0,6.4,,1023.7,
2023-01-06,7.6,5.6,9.1,0.0,,253.0,3.6,,1025.4,
2023-01-07,9.4,8.0,11.0,0.0,,130.0,4.5,,1023.9,
2023-01-08,8.6,5.1,11.0,3.8,,67.0,5.1,,1015.2,
2023-01-09,8.3,6.1,10.5,11.7,,264.0,12.9,,1004.2,
2023-01-10,7.7,3.0,14.0,0.0,,245.0,14.5,,1015.5,
2023-01-11,6.1,3.6,11.0,0.0,,241.0,8.9,,1020.4,
2023-01-12,6.8,2.8,11.0,0.4,,264.0,6.0,,1022.3,
2023-01-13,5.9,3.9,9.2,0.0,,249.0,4.0,,1019.4,
2023-01-14,5.6,2.0,12.0,0.0,,158.0,8.0,,1021.8,
2023-01-15,5.6,2.0,8.0,3.4,,279.0,4.8,,1014.1,
2023-01-16,6.5,4.0,9.2,4.4,,214.0,10.4,,999.1,
2023-01-17,5.2,4.5,6.0,4.6,,298.0,10.5,,989.7,
2023-01-18,4.8,3.0,6.0,0.0,,335.0,5.4,,993.6,
2023-01-19,3.8,1.4,5.0,0.1,,290.0,9.7,,1002.0,
2023-01-20,3.3,1.9,5.5,2.4,,281.0,12.2,,1008.7,
2023-01-21,3.8,2.5,5.0,0.0,,276.0,9.5,,1010.5,
2023-01-22,5.0,4.0,7.0,4.7,,342.0,10.0,,1016.4,
2023-01-23,3.7,1.0,8.9,18.3,,267.0,15.9,,1018.0,
2023-01-24,5.5,2.0,9.0,1.8,,247.0,9.3,,1028.2,
2023-01-25,5.8,2.8,7.7,1.4,,269.0,8.8,,1024.7,
2023-01-26,3.4,1.0,7.0,0.1,,283.0,6.7,,1015.4,
2023-01-27,2.7,0.0,6.0,0.0,,317.0,7.8,,1013.6,
2023-01-28,2.9,-0.2,6.2,0.0,,268.0,8.1,,1019.0,
2023-01-29,2.1,-2.0,7.6,0.0,,248.0,6.8,,1024.7,
2023-01-30,3.3,0.0,9.0,0.0,,220.0,8.4,,1019.1,
2023-01-31,4.3,-1.0,11.3,0.0,,239.0,7.4,,1021.9,
2023-02-01,6.0,2.7,12.3,0.0,,247.0,7.3,,1020.6,
2023-02-02,7.8,0.4,17.0,0.0,,240.0,10.6,,1021.3,
2023-02-03,5.8,0.0,12.0,0.0,,245.0,7.5,,1024.6,
2023-02-04,8.0,2.0,17.0,0.0,,166.0,10.5,,1021.7,
2023-02-05,4.5,-1.0,9.0,0.0,,108.0,12.9,,1031.2,
2023-02-06,2.4,-1.0,7.0,0.0,,127.0,8.9,,1034.3,
2023-02-07,0.7,-3.2,6.0,0.0,,265.0,6.9,,1036.6,
2023-02-08,0.2,-5.0,5.0,0.0,,278.0,8.0,,1036.6,
2023-02-09,1.2,-2.4,5.0,0.0,,275.0,8.0,,1036.8,
2023-02-10,1.2,-3.6,7.6,0.0,,235.0,10.5,,1036.9,
2023-02-11,3.0,-2.3,10.0,0.0,,232.0,8.9,,1035.1,
2023-02-12,5.8,1.0,13.0,0.0,,154.0,8.0,,1033.4,
2023-02-13,5.1,-0.4,13.0,0.0,,202.0,5.9,,1037.1,
2023-02-14,7.6,2.0,15.8,0.0,,228.0,10.5,,1033.4,
2023-02-15,9.0,3.1,17.5,0.0,,214.0,8.3,,1029.1,
2023-02-16,7.7,1.0,14.0,0.0,,229.0,6.8,,1028.6,
2023-02-17,8.8,1.0,16.0,0.0,,222.0,6.5,,1029.4,
2023-02-18,8.5,3.0,15.0,0.0,,283.0,6.3,,1027.2,
2023-02-19,9.2,3.0,15.0,0.0,,329.0,6.5,,1023.3,
2023-02-20,9.4,5.0,15.0,0.0,,277.0,4.4,,1025.8,
2023-02-21,9.5,4.0,14.0,0.0,,187.0,6.0,,1021.2,
2023-02-22,10.5,8.0,13.6,0.0,,60.0,3.3,,1017.5,
2023-02-23,11.0,8.0,14.1,0.0,,14.0,4.8,,1015.3,
2023-02-24,10.5,5.0,15.2,0.0,,195.0,5.8,,1011.4,
2023-02-25,11.7,6.3,15.0,1.3,,283.0,6.0,,1000.6,
2023-02-26,6.0,3.5,11.0,25.2,,52.0,20.3,,1002.9,
2023-02-27,4.9,3.0,7.0,2.2,,352.0,11.3,,1016.3,
2023-02-28,4.4,2.0,6.5,0.0,,259.0,10.4,,1021.4,
2023-03-01,2.8,0.0,5.0,14.8,,261.0,13.2,,1017.4,
2023-03-02,5.9,3.0,8.5,0.6,,255.0,11.9,,1017.0,
2023-03-03,8.3,4.0,13.1,0.0,,249.0,7.1,,1016.3,
2023-03-04,7.4,1.0,15.0,0.0,,242.0,6.1,,1016.3,
2023-03-05,9.4,3.9,16.0,0.0,,182.0,10.0,,1011.0,
2023-03-06,9.7,2.0,15.0,0.1,,194.0,10.3,,1005.9,
2023-03-07,11.1,4.0,17.0,0.0,,205.0,10.1,,1004.0,
2023-03-08,12.1,5.0,17.3,0.0,,244.0,7.2,,1004.6,
2023-03-09,13.9,7.0,20.0,0.0,,238.0,8.9,,1004.0,
2023-03-10,12.7,4.0,19.1,0.6,,277.0,8.9,,998.6,
2023-03-11,16.4,9.0,23.0,0.0,,249.0,14.4,,998.5,
2023-03-12,10.8,7.0,16.6,0.0,,63.0,9.0,,1012.6,
2023-03-13,10.5,5.0,17.0,0.0,,50.0,5.7,,1016.2,
2023-03-14,14.4,8.9,17.0,4.8,,62.0,12.0,,1003.2,
2023-03-15,10.7,6.9,13.8,4.6,,197.0,10.1,,1010.1,
2023-03-16,8.3,3.0,14.0,0.0,,135.0,13.0,,1020.7,
2023-03-17,7.8,0.3,15.0,0.0,,116.0,8.6,,1021.5,
2023-03-18,9.6,3.0,16.2,0.0,,92.0,7.8,,1018.2,
2023-03-19,10.7,6.0,15.0,0.9,,353.0,6.2,,1019.3,
2023-03-20,10.7,8.0,14.0,3.2,,37.0,4.7,,1019.1,
2023-03-21,12.3,6.9,18.7,0.0,,187.0,7.6,,1017.0,
2023-03-22,14.5,10.0,21.0,0.0,,140.0,8.4,,1015.0,
2023-03-23,15.3,8.0,20.0,0.0,,216.0,9.8,,1014.8,
2023-03-24,15.3,10.7,20.0,0.0,,238.0,8.5,,1014.2,
2023-03-25,16.0,9.0,22.3,0.0,,260.0,8.8,,1011.3,
2023-03-26,12.4,5.8,21.0,8.8,,248.0,7.9,,1007.2,
2023-03-27,11.8,5.0,19.0,0.0,,256.0,14.9,,1005.7,
2023-03-28,10.0,3.0,16.0,0.0,,257.0,7.7,,1022.3,
2023-03-29,11.6,5.0,17.0,0.0,,210.0,8.0,,1023.0,
2023-03-30,14.7,9.0,19.3,0.0,,282.0,9.8,,1020.7,
2023-03-31,13.6,7.0,19.0,0.0,,257.0,6.6,,1011.4,
2023-04-01,14.6,8.0,21.0,0.2,,246.0,10.5,,1004.8,
2023-04-02,11.6,7.9,14.1,4.8,,239.0,10.5,,1009.4,
2023-04-03,10.1,6.0,15.0,0.0,,130.0,9.8,,1012.7,
2023-04-04,7.1,2.0,11.0,0.0,,59.0,10.5,,1015.7,
2023-04-05,5.5,-0.1,11.3,0.0,,350.0,7.4,,1018.1,
2023-04-06,7.6,1.0,14.7,0.0,,180.0,7.5,,1018.5,
2023-04-07,10.4,4.8,17.0,3.0,,143.0,9.1,,1015.4,
2023-04-08,10.8,7.0,15.1,0.0,,245.0,9.6,,1016.6,
2023-04-09,10.7,6.0,16.0,2.2,,128.0,8.6,,1020.6,
2023-04-10,11.8,6.9,16.1,0.0,,83.0,6.6,,1022.7,
2023-04-11,14.1,8.8,20.4,0.0,,199.0,9.7,,1015.6,
2023-04-12,13.2,7.0,18.1,0.0,,344.0,7.2,,1009.1,
2023-04-13,12.1,9.0,18.5,6.5,,326.0,7.9,,1001.4,
2023-04-14,11.2,6.6,18.0,6.2,,220.0,9.1,,1003.6,
2023-04-15,13.2,6.0,18.0,0.1,,45.0,10.6,,1005.1,
2023-04-16,12.7,8.0,18.0,0.0,,353.0,9.3,,1012.2,
2023-04-17,10.7,6.0,16.0,0.6,,254.0,7.8,,1014.4,
2023-04-18,13.8,8.0,19.4,0.0,,156.0,9.3,,1014.7,
2023-04-19,15.1,9.0,21.2,1.1,,147.0,9.5,,1014.2,
2023-04-20,13.6,8.0,19.0,2.3,,41.0,9.7,,1011.5,
2023-04-21,14.7,11.8,19.0,1.2,,95.0,5.0,,1013.5,
2023-04-22,15.6,10.0,21.1,0.0,,162.0,9.0,,1014.1,
2023-04-23,18.1,10.1,25.4,3.6,,198.0,11.0,,1010.9,
2023-04-24,16.7,13.0,22.0,2.5,,309.0,10.4,,1006.7,
2023-04-25,12.5,9.0,16.0,1.2,,101.0,12.7,,1008.5,
2023-04-26,13.6,6.0,20.5,0.0,,132.0,8.5,,1013.6,
2023-04-27,14.3,6.8,21.0,0.0,,111.0,9.1,,1017.0,
2023-04-28,15.2,7.0,22.2,0.0,,62.0,6.7,,1017.8,
2023-04-29,16.3,13.0,19.6,1.2,,5.0,7.4,,1014.4,
2023-04-30,16.0,9.8,20.3,0.1,,82.0,10.6,,1014.4,
2023-05-01,14.3,12.0,17.0,15.4,,41.0,8.5,,1013.9,
2023-05-02,13.1,12.0,14.0,48.6,,16.0,15.1,,1013.9,
2023-05-03,14.4,11.9,19.1,23.2,,300.0,7.6,,1020.0,
2023-05-04,15.9,9.1,22.0,0.0,,205.0,6.6,,1020.8,
2023-05-05,18.1,12.0,24.0,0.0,,131.0,8.2,,1018.5,
2023-05-06,19.5,14.0,25.0,0.0,,134.0,9.2,,1015.3,
2023-05-07,19.6,13.0,26.0,2.4,,356.0,8.2,,1015.2,
2023-05-08,18.3,15.0,22.0,0.8,,89.0,8.1,,1017.8,
2023-05-09,17.5,14.0,21.3,3.0,,103.0,9.5,,1016.6,
2023-05-10,13.3,12.0,16.0,91.5,,14.0,14.4,,1011.2,
2023-05-11,13.5,12.0,16.0,10.6,,306.0,11.3,,1010.4,
2023-05-12,13.9,10.0,19.0,3.8,,311.0,8.4,,1012.8,
2023-05-13,14.5,11.0,18.0,2.8,,53.0,9.1,,1016.3,
2023-05-14,13.9,12.0,16.0,16.0,,299.0,7.4,,1012.3,
2023-05-15,16.2,12.6,20.8,0.1,,93.0,6.5,,1008.2,
2023-05-16,13.7,12.0,15.0,57.0,,316.0,9.8,,1004.4,
2023-05-17,13.8,12.0,16.0,36.1,,304.0,9.2,,1010.9,
2023-05-18,15.4,11.0,19.0,0.1,,132.0,4.4,,1017.2,
2023-05-19,14.3,12.8,16.0,5.0,,121.0,6.9,,1017.8,
2023-05-20,15.3,13.5,18.0,2.0,,287.0,5.9,,1014.5,
2023-05-21,19.0,14.0,25.0,0.1,,273.0,7.2,,1012.2,
2023-05-22,20.0,13.8,26.0,0.0,,266.0,7.9,,1012.8,
2023-05-23,22.0,15.5,28.0,0.0,,198.0,9.8,,1012.3,
2023-05-24,21.1,16.0,26.0,1.6,,212.0,9.3,,1012.4,
2023-05-25,20.1,17.0,25.0,3.1,,277.0,9.6,,1017.2,
2023-05-26,21.4,15.0,27.4,0.9,,284.0,7.7,,1018.2,
2023-05-27,21.5,18.0,26.0,0.8,,90.0,8.7,,1017.8,
2023-05-28,21.3,15.3,26.6,0.4,,99.0,7.8,,1014.4,
2023-05-29,21.0,15.0,27.0,0.0,,141.0,8.0,,1013.9,
2023-05-30,21.1,15.7,26.3,0.8,,117.0,10.1,,1014.8,
2023-05-31,20.6,16.0,26.0,0.8,,99.0,8.4,,1016.6,
2023-06-01,21.1,14.4,27.0,0.0,,263.0,7.8,,1015.3,
2023-06-02,22.4,16.0,29.0,2.0,,237.0,10.3,,1012.3,
2023-06-03,19.8,16.3,26.0,5.9,,221.0,11.0,,1014.5,
2023-06-04,19.2,15.0,26.0,4.2,,133.0,7.4,,1016.0,
2023-06-05,18.0,16.8,20.4,15.2,,338.0,4.6,,1015.7,
2023-06-06,20.2,16.9,25.0,3.7,,257.0,6.8,,1015.0,
2023-06-07,20.5,15.6,25.0,0.0,,254.0,6.9,,1015.6,
2023-06-08,21.3,16.0,28.0,0.9,,211.0,9.1,,1013.4,
2023-06-09,22.9,16.0,29.0,5.2,,236.0,7.0,,1011.5,
2023-06-10,21.7,18.8,25.0,5.8,,161.0,7.0,,1011.5,
2023-06-11,22.4,17.0,28.0,0.4,,24.0,7.4,,1011.7,
2023-06-12,22.8,18.0,27.5,0.0,,83.0,8.7,,1011.7,
2023-06-13,20.0,16.0,25.0,3.4,,90.0,9.6,,1009.8,
2023-06-14,20.8,16.0,25.0,7.3,,138.0,8.0,,1010.2,
2023-06-15,21.9,15.9,27.0,0.3,,305.0,7.9,,1013.0,
2023-06-16,23.1,17.0,29.0,0.0,,227.0,6.6,,1013.4,
2023-06-17,23.3,16.0,30.0,0.0,,151.0,8.4,,1014.1,
2023-06-18,24.9,19.0,30.2,0.0,,216.0,8.4,,1014.7,
2023-06-19,25.8,19.0,31.8,0.0,,185.0,8.7,,1015.5,
2023-06-20,26.3,19.5,31.6,0.0,,221.0,9.0,,1016.5,
2023-06-21,27.2,21.0,33.0,0.0,,216.0,8.1,,1017.2,
2023-06-22,28.2,21.5,34.0,0.0,,186.0,8.7,,1016.6,
2023-06-23,25.8,22.0,30.8,3.7,,223.0,10.7,,1013.5,
2023-06-24,24.7,19.0,29.2,0.0,,122.0,9.6,,1017.0,
2023-06-25,24.3,17.7,30.0,0.0,,108.0,8.0,,1016.6,
2023-06-26,25.9,19.0,32.5,0.0,,142.0,9.9,,1014.7,
2023-06-27,27.6,22.0,34.0,0.7,,200.0,9.9,,1011.5,
2023-06-28,22.9,20.8,26.0,0.6,,73.0,11.1,,1013.7,
2023-06-29,24.0,18.0,29.0,0.0,,88.0,11.1,,1015.6,
2023-06-30,22.3,20.0,25.1,2.9,,225.0,7.4,,1011.3,
2023-07-01,22.3,18.0,27.3,0.2,,274.0,8.3,,1008.2,
2023-07-02,25.4,20.0,31.2,0.0,,153.0,7.8,,1008.9,
2023-07-03,25.3,19.8,31.0,3.5,,228.0,9.3,,1010.8,
2023-07-04,23.8,18.0,29.3,1.6,,78.0,9.6,,1013.8,
2023-07-05,24.9,18.0,31.0,0.2,,177.0,8.9,,1013.3,
2023-07-06,23.3,20.0,26.0,1.9,,10.0,9.0,,1015.5,
2023-07-07,24.2,18.0,30.0,0.0,,130.0,8.8,,1019.8,
2023-07-08,25.3,18.0,31.2,0.0,,103.0,8.8,,1019.9,
2023-07-09,27.6,21.0,34.0,0.0,,114.0,7.5,,1019.9,
2023-07-10,29.3,23.0,35.5,0.3,,123.0,8.1,,1018.7,
2023-07-11,30.3,24.0,37.0,0.0,,215.0,8.9,,1016.0,
2023-07-12,29.3,24.0,34.0,0.0,,201.0,10.8,,1013.5,
2023-07-13,26.7,24.0,30.0,4.8,,278.0,7.6,,1013.3,
2023-07-14,27.0,23.1,32.0,0.2,,76.0,9.2,,1015.6,
2023-07-15,27.6,21.0,34.3,0.0,,123.0,8.9,,1015.0,
2023-07-16,30.0,22.0,36.2,0.0,,191.0,8.7,,1014.2,
2023-07-17,30.0,22.0,36.1,0.0,,220.0,8.4,,1015.6,
2023-07-18,30.0,24.0,37.0,0.0,,179.0,10.0,,1015.7,
2023-07-19,30.0,24.5,36.0,0.4,,199.0,8.6,,1010.4,
2023-07-20,27.3,20.6,33.0,0.7,,43.0,9.7,,1008.8,
2023-07-21,27.3,21.8,33.9,0.8,,176.0,11.7,,1007.7,
2023-07-22,25.1,21.0,32.0,0.0,,115.0,6.5,,1012.5,
2023-07-23,25.4,17.9,33.0,0.0,,255.0,7.5,,1014.5,
2023-07-24,26.3,20.0,31.7,0.0,,120.0,9.7,,1009.5,
2023-07-25,25.7,21.0,31.6,0.3,,58.0,10.7,,1001.8,
2023-07-26,24.1,18.0,29.2,0.2,,316.0,7.8,,1007.1,
2023-07-27,22.8,16.0,29.0,0.0,,88.0,9.7,,1014.0,
2023-07-28,24.1,18.0,30.0,0.0,,232.0,7.7,,1012.7,
2023-07-29,27.0,21.0,33.0,0.0,,196.0,8.9,,1012.4,
2023-07-30,27.2,22.0,32.0,0.0,,344.0,8.6,,1011.5,
2023-07-31,26.3,21.0,32.0,0.1,,82.0,8.0,,1011.4,
2023-08-01,26.1,20.0,32.0,0.0,,214.0,9.1,,1004.9,
2023-08-02,26.2,19.0,32.4,0.0,,224.0,10.3,,1005.5,
2023-08-03,27.8,21.0,32.6,0.0,,174.0,13.5,,1005.0,
2023-08-04,24.2,18.0,28.0,2.7,,201.0,8.2,,1005.9,
2023-08-05,18.4,16.0,22.0,19.4,,260.0,13.5,,1006.4,
2023-08-06,23.2,17.0,30.0,0.0,,241.0,11.4,,1005.0,
2023-08-07,21.7,16.0,28.0,0.0,,279.0,11.3,,1011.7,
2023-08-08,22.0,15.0,29.2,0.0,,178.0,9.4,,1015.7,
2023-08-09,22.9,16.0,30.0,0.0,,253.0,7.9,,1015.2,
2023-08-10,24.1,17.0,31.0,0.0,,117.0,9.4,,1017.5,
2023-08-11,25.1,19.0,31.0,0.0,,106.0,8.2,,1020.8,
2023-08-12,25.4,18.0,32.6,0.0,,114.0,7.5,,1020.0,
2023-08-13,26.7,21.0,33.1,0.0,,101.0,6.6,,1017.9,
2023-08-14,26.6,18.5,34.0,0.0,,113.0,8.5,,1017.1,
2023-08-15,26.7,20.0,33.0,0.0,,124.0,5.9,,1016.4,
2023-08-16,27.5,21.0,33.4,0.0,,185.0,6.7,,1016.5,
2023-08-17,26.6,21.2,32.5,1.0,,225.0,7.9,,1015.5,
2023-08-18,27.3,21.0,33.2,0.2,,148.0,7.2,,1015.1,
2023-08-19,28.1,22.0,34.0,0.0,,153.0,7.7,,1016.2,
2023-08-20,28.2,22.0,34.2,0.0,,124.0,8.1,,1018.3,
2023-08-21,28.5,22.0,35.0,0.0,,143.0,7.9,,1019.4,
2023-08-22,29.0,22.0,36.0,0.0,,198.0,8.8,,1017.3,
2023-08-23,29.8,22.0,37.0,0.0,,160.0,8.1,,1015.1,
2023-08-24,30.1,23.0,38.0,0.0,,127.0,8.6,,1014.4,
2023-08-25,30.6,24.0,38.0,0.0,,205.0,8.6,,1012.0,
2023-08-26,29.6,22.0,37.0,0.0,,225.0,8.8,,1010.1,
2023-08-27,26.6,22.0,32.0,0.0,,222.0,7.7,,1006.7,
2023-08-28,23.6,19.0,29.0,4.6,,187.0,13.8,,999.3,
2023-08-29,17.8,16.0,20.0,14.5,,262.0,14.5,,1000.8,
2023-08-30,20.5,17.0,25.0,6.1,,45.0,7.7,,1005.8,
2023-08-31,21.4,17.0,27.0,0.0,,198.0,9.0,,1012.7,
2023-09-01,22.9,16.0,28.7,0.0,,257.0,8.4,,1017.6,
2023-09-02,23.7,17.9,30.3,0.0,,142.0,8.8,,1019.7,
2023-09-03,25.0,19.0,31.0,0.0,,263.0,8.1,,1021.3,
2023-09-04,24.0,18.0,29.0,0.0,,120.0,12.0,,1021.8,
2023-09-05,22.5,18.1,27.0,0.0,,67.0,9.8,,1021.1,
2023-09-06,21.6,15.0,29.0,0.0,,290.0,7.3,,1020.7,
2023-09-07,22.5,15.6,30.0,0.0,,212.0,9.4,,1019.9,
2023-09-08,22.9,16.0,30.0,0.0,,280.0,7.0,,1019.1,
2023-09-09,23.1,16.0,30.7,0.0,,259.0,7.2,,1018.1,
2023-09-10,23.3,15.6,31.0,0.0,,255.0,7.6,,1017.9,
2023-09-11,24.5,17.0,31.8,0.0,,237.0,8.3,,1015.1,
2023-09-12,25.2,19.0,33.0,0.0,,137.0,8.7,,1014.0,
2023-09-13,24.4,20.7,29.2,0.8,,214.0,7.7,,1015.4,
2023-09-14,23.6,18.9,30.0,7.9,,282.0,7.8,,1017.1,
2023-09-15,21.9,19.0,26.0,10.8,,97.0,6.4,,1017.9,
2023-09-16,21.9,18.0,27.0,0.0,,116.0,9.0,,1018.0,
2023-09-17,23.5,19.0,28.3,0.0,,318.0,6.5,,1018.4,
2023-09-18,23.5,20.0,27.0,0.0,,163.0,6.7,,1014.8,
2023-09-19,24.4,19.6,30.0,0.7,,235.0,8.2,,1013.0,
2023-09-20,21.2,17.0,26.0,1.2,,230.0,6.0,,1015.0,
2023-09-21,22.9,18.9,28.0,0.6,,180.0,7.1,,1009.3,
2023-09-22,23.9,22.0,26.0,2.4,,165.0,12.8,,1005.6,
2023-09-23,21.2,14.6,27.0,2.7,,282.0,9.4,,1010.0,
2023-09-24,17.7,14.0,23.0,4.0,,192.0,9.8,,1019.3,
2023-09-25,18.7,12.0,25.0,0.0,,261.0,8.1,,1021.3,
2023-09-26,20.0,13.0,26.4,0.0,,279.0,7.5,,1021.0,
2023-09-27,21.0,15.0,28.0,0.0,,281.0,8.4,,1019.5,
2023-09-28,20.3,14.8,27.0,0.0,,254.0,7.2,,1019.1,
2023-09-29,20.4,14.0,27.0,0.0,,241.0,6.9,,1021.0,
2023-09-30,21.2,15.7,28.4,0.0,,172.0,8.7,,1021.3,
2023-10-01,21.0,15.0,28.0,0.0,,181.0,8.2,,1023.5,
2023-10-02,21.4,16.0,28.4,0.0,,161.0,8.4,,1024.5,
2023-10-03,21.5,15.6,28.1,0.0,,231.0,8.3,,1021.5,
2023-10-04,21.0,17.0,26.0,0.2,,276.0,9.7,,1022.6,
2023-10-05,20.5,16.0,26.0,0.0,,11.0,4.1,,1023.4,
2023-10-06,20.5,16.9,26.0,0.0,,211.0,6.0,,1024.0,
2023-10-07,20.5,15.8,27.0,0.0,,234.0,7.7,,1023.4,
2023-10-08,22.5,16.0,30.3,0.0,,233.0,9.2,,1022.5,
2023-10-09,24.2,16.0,32.0,0.0,,236.0,10.2,,1020.5,
2023-10-10,22.4,18.0,29.0,0.0,,222.0,7.5,,1019.8,
2023-10-11,19.7,14.7,25.0,0.0,,226.0,6.6,,1021.4,
2023-10-12,20.6,17.3,26.0,0.0,,220.0,8.3,,1020.4,
2023-10-13,20.3,14.0,26.0,0.0,,196.0,7.8,,1020.6,
2023-10-14,20.4,14.8,27.0,0.0,,198.0,6.8,,1014.7,
2023-10-15,19.7,15.3,25.0,6.6,,296.0,7.2,,1010.7,
2023-10-16,14.4,10.0,17.1,0.0,,32.0,8.2,,1018.9,
2023-10-17,14.2,10.0,19.0,0.0,,63.0,7.2,,1017.8,
2023-10-18,11.9,10.0,14.0,7.8,,348.0,5.3,,1014.8,
2023-10-19,11.6,10.0,13.1,11.5,,310.0,5.9,,1005.0,
2023-10-20,19.3,12.0,27.0,2.7,,139.0,12.3,,993.7,
2023-10-21,18.3,16.0,24.0,2.4,,168.0,9.8,,1000.8,
2023-10-22,17.9,14.0,23.0,0.0,,215.0,9.1,,1010.9,
2023-10-23,16.2,11.0,22.0,0.0,,130.0,8.1,,1016.3,
2023-10-24,15.5,13.2,17.0,4.5,,248.0,7.8,,1007.8,
2023-10-25,15.2,11.0,20.0,0.0,,199.0,6.2,,1004.3,
2023-10-26,14.7,12.8,16.0,2.5,,326.0,6.2,,1001.2,
2023-10-27,18.7,15.0,24.0,3.4,,223.0,13.4,,995.3,
2023-10-28,17.6,11.1,23.8,0.0,,212.0,8.3,,1005.4,
2023-10-29,14.5,9.7,21.0,0.0,,201.0,6.3,,1012.4,
2023-10-30,15.8,12.0,23.0,7.2,,97.0,9.5,,1007.6,
2023-10-31,17.6,13.5,22.0,0.0,,206.0,14.5,,1005.3,
2023-11-01,12.2,8.0,16.0,1.5,,155.0,6.1,,1012.5,
2023-11-02,15.4,10.0,21.7,11.6,,156.0,11.4,,997.5,
2023-11-03,13.1,9.0,17.0,1.2,,217.0,12.6,,988.5,
2023-11-04,11.4,4.0,16.3,5.2,,114.0,6.8,,996.2,
2023-11-05,13.6,10.0,18.0,6.1,,262.0,11.2,,993.4,
2023-11-06,12.5,5.9,21.0,0.0,,206.0,5.4,,1010.1,
2023-11-07,13.7,6.7,20.0,0.0,,220.0,7.2,,1015.5,
2023-11-08,10.3,6.9,16.0,0.0,,236.0,6.7,,1019.7,
2023-11-09,10.7,5.0,17.0,0.4,,187.0,7.5,,1016.4,
2023-11-10,10.2,9.0,11.2,6.2,,271.0,8.2,,1006.4,
2023-11-11,8.8,4.0,15.0,0.0,,250.0,5.9,,1006.3,
2023-11-12,7.4,4.0,12.0,0.0,,272.0,5.0,,1010.7,
2023-11-13,8.8,4.2,14.0,0.0,,218.0,4.9,,1016.0,
2023-11-14,9.6,5.8,15.0,0.0,,42.0,4.3,,1013.9,
2023-11-15,11.3,8.0,17.0,0.0,,244.0,8.7,,1014.4,
2023-11-16,10.0,6.0,14.0,0.0,,248.0,5.1,,1016.2,
2023-11-17,10.2,5.0,19.3,0.0,,266.0,8.7,,1012.3,
2023-11-18,8.9,4.0,16.0,0.0,,220.0,8.3,,1022.2,
2023-11-19,8.8,4.0,15.0,0.0,,230.0,5.2,,1019.5,
2023-11-20,8.9,5.0,14.0,0.0,,265.0,4.7,,1014.6,
2023-11-21,9.5,8.0,11.0,14.3,,254.0,7.2,,1008.8,
2023-11-22,9.6,7.0,14.0,0.0,,293.0,8.0,,1015.1,
2023-11-23,7.3,2.8,13.0,0.0,,246.0,7.7,,1020.7,
2023-11-24,6.7,3.0,13.0,0.0,,207.0,5.9,,1004.3,
2023-11-25,6.4,3.0,11.3,0.8,,270.0,13.1,,1004.6,
2023-11-26,7.9,4.5,13.2,0.0,,242.0,12.4,,1011.6,
2023-11-27,4.8,2.0,8.0,0.0,,294.0,5.5,,1010.0,
2023-11-28,5.2,1.0,10.0,0.2,,274.0,7.9,,996.5,
2023-11-29,4.2,-1.0,9.0,0.0,,256.0,4.8,,1006.3,
2023-11-30,4.5,4.0,5.0,2.2,,284.0,5.8,,1005.4,
2023-12-01,6.3,4.0,19.0,2.4,,333.0,5.7,,998.6,
2023-12-02,12.7,5.0,19.0,3.6,,218.0,19.6,,996.0,
2023-12-03,5.4,1.8,9.0,0.0,,40.0,6.6,,1019.1,
2023-12-04,1.4,-2.6,3.0,1.4,,262.0,5.3,,1021.5,
2023-12-05,2.1,0.0,4.0,4.2,,260.0,9.8,,1013.4,
2023-12-06,3.9,1.0,8.0,0.2,,241.0,8.5,,1013.1,
2023-12-07,3.7,0.5,9.0,0.0,,224.0,7.9,,1019.1,
2023-12-08,2.4,-1.0,4.0,2.0,,258.0,7.4,,1017.4,
2023-12-09,4.5,2.9,7.0,0.1,,254.0,5.7,,1017.2,
2023-12-10,5.6,2.0,11.0,0.6,,273.0,9.3,,1015.0,
2023-12-11,3.5,2.9,5.0,0.0,,283.0,4.5,,1014.0,
2023-12-12,4.9,0.9,8.5,0.0,,294.0,3.9,,1012.3,
2023-12-13,6.8,5.9,8.3,0.1,,284.0,7.4,,1003.0,
2023-12-14,7.3,1.9,10.0,0.3,,255.0,7.9,,1011.6,
2023-12-15,4.4,0.0,11.0,0.0,,264.0,4.8,,1027.4,
2023-12-16,3.8,-1.0,10.0,0.0,,273.0,6.2,,1037.9,
2023-12-17,4.1,0.0,11.0,0.0,,244.0,6.7,,1039.6,
2023-12-18,6.1,1.0,13.0,0.0,,229.0,9.7,,1034.4,
2023-12-19,7.3,2.0,14.0,0.0,,221.0,9.0,,1025.3,
2023-12-20,4.4,1.0,9.0,0.0,,250.0,5.7,,1014.1,
2023-12-21,5.2,2.0,11.0,0.0,,236.0,5.6,,1009.4,
2023-12-22,13.2,2.0,19.3,0.0,,242.0,17.6,,1001.4,
2023-12-23,14.1,5.0,23.0,0.0,,226.0,11.4,,1005.9,
2023-12-24,9.1,3.0,15.0,0.0,,249.0,6.6,,1013.0,
2023-12-25,7.1,1.0,15.0,0.0,,300.0,4.4,,1017.8,
2023-12-26,7.6,0.6,15.0,0.0,,248.0,5.0,,1020.2,
2023-12-27,9.5,7.0,12.0,0.0,,196.0,5.5,,1025.9,
2023-12-28,8.1,3.0,13.0,0.0,,236.0,5.5,,1026.6,
2023-12-29,8.9,5.9,13.0,0.0,,258.0,4.9,,1022.7,
2023-12-30,8.9,7.0,10.0,0.0,,332.0,3.6,,1020.9,
2023-12-31,8.5,7.9,10.0,0.0,,55.0,5.2,,1014.7,
